Artist,Times Played,Artist - Song,Times Played
BEES WIZTHEMC & HONEY,231,DAVID GUETTA & SIA - BEAUTIFUL PEOPLE,167
ED SHEERAN,224,ALEX WARREN - ORDINARY,164
ALEX WARREN,195,MILEY CYRUS - END OF THE WORLD,153
LOLA YOUNG,187,BENSON BOONE - SORRY I'M HERE FOR SOMEONE ELSE,152
DAVID GUETTA & SIA,167,HUGEL X DAWTY FEAT. PRESTON HARRIS - LOOSEN UP,142
SABRINA CARPENTER,165,LOLA YOUNG - MESSY,140
DUA LIPA,164,ROBIN SCHULZ X FAST BOY - MILLION GOOD REASONS,137
MILEY CYRUS,163,NEIKED X PORTUGAL. THE MAN - GLIDE,126
BENSON BOONE,162,BEES WIZTHEMC & HONEY - SHOW ME LOVE,123
TATE MCRAE,147,DOECHII - ANXIETY,120
HUGEL X DAWTY FEAT. PRESTON HARRIS,142,RAVYN LENAE - LOVE ME NOT,120
NINA CHUBA,138,SKI AGGU - PALERMO,117
ROBIN SCHULZ X FAST BOY,137,MYLES SMITH - NICE TO MEET YOU,116
SKI AGGU,130,CALVIN HARRIS FEAT. CLEMENTINE DOUGLAS - BLESSINGS,115
MYLES SMITH,128,NINA CHUBA - WENN DAS LIEBE IST,110
NEIKED X PORTUGAL. THE MAN,126,SABRINA CARPENTER - MANCHILD,109
DOECHII,123,BEES WIZTHEMC & HONEY - TAKE MY MIND,108
RAVYN LENAE,120,ED SHEERAN - SAPPHIRE,105
KAMRAD,120,MAROON 5 FEAT. LISA - PRICELESS,105
SOMBR,118,ED SHEERAN - AZIZAM,104
CALVIN HARRIS FEAT. CLEMENTINE DOUGLAS,115,KAMRAD - BE MINE,102
NICO SANTOS,115,SOMBR - UNDRESSED,101
JUSTIN BIEBER,112,FAST BOY & CLOCKCLOCK - BORN AGAIN,99
MAROON 5 FEAT. LISA,105,LADY GAGA - ABRACADABRA,95
APACHE 207,102,"MOLIY &SKILLIBENG, SHENSEEA  SILENT ADDY - SHAKE IT TO THE MAX (FLY) (REMIX)",93
LADY GAGA,102,JUSTIN BIEBER - DAISIES,90
FAST BOY & CLOCKCLOCK,99,"MALACHIII, ADAM PORT STRYV - POSITIONS",90
"MOLIY &SKILLIBENG, SHENSEEA  SILENT ADDY",93,TATE MCRAE - JUST KEEP WATCHING,87
THE WEEKND,93,NICO SANTOS - HOME PT. 2,86
"MALACHIII, ADAM PORT STRYV",90,APACHE 207 - MORGEN,85
KRAFTKLUB,87,ONEREPUBLIC KYGO - CHASING PARADISE,83
SHAWN MENDES,85,TOKIO HOTEL - HOW TO LOVE,77
TAYLOR SWIFT,84,KRAFTKLUB - SCHIEF IN JEDEM CHOR,71
ONEREPUBLIC KYGO,83,GRACIE ABRAMS - THAT'S SO TRUE,71
CHAPPELL ROAN,83,DISCO LINES & TINASHE - NO BROKE BOYS,68
RIHANNA,77,RUDIMENTAL X KHALID - ALL I KNOW,64
TOKIO HOTEL,77,BURNA BOY FEAT. SHABOOZEY - CHANGE YOUR MIND,63
GRACIE ABRAMS,71,MYLES SMITH SHABOOZEY - BLINK TWICE,57
JUSTIN TIMBERLAKE,69,EMINEM - HOUDINI,54
DISCO LINES & TINASHE,68,SELENA GOMEZ - SINGLE SOON,50
RUDIMENTAL X KHALID,64,PINKPANTHERESS - ILLEGAL,48
BURNA BOY FEAT. SHABOOZEY,63,BILLIE EILISH - BIRDS OF A FEATHER,44
ADDISON RAE,61,CASSÖ X RAYE X D-BLOCK EUROPE - PRADA,42
MYLES SMITH SHABOOZEY,57,ADDISON RAE - FAME IS A GUN,42
EMINEM,56,DUA LIPA - TRAINING SEASON,40
ZARA LARSSON,52,"COLDPLAY FEAT. BURNA BOY, ELYANNA LITTLE SIMZ & TINI - WE PRAY",40
BILLIE EILISH,51,SHAWN MENDES - WHY WHY WHY,38
SELENA GOMEZ,50,DUA LIPA - HOUDINI,36
PINKPANTHERESS,48,KENYA GRACE - STRANGERS,36
TEDDY SWIMS,47,TATE MCRAE - GREEDY,35
CRO,46,BENJAMIN INGROSSO PURPLE DISCO MACHINE FEAT. NILE RODGERS & SHENSEEA - HONEY BOY,35
CASSÖ X RAYE X D-BLOCK EUROPE,42,"$OHO BANI & HERBERT GRÖNEMEYER - ZEIT, DASS SICH WAS DREHT",35
"COLDPLAY FEAT. BURNA BOY, ELYANNA LITTLE SIMZ & TINI",40,LOST FREQUENCIES & BASTILLE - HEAD DOWN,34
COLDPLAY,40,DASHA - AUSTIN,34
AVICII,39,THE WEEKND - DANCING IN THE FLAMES,34
IMAGINE DRAGONS,38,GLOCKENBACH FEAT. ELLA HENDERSON - LIFELINE,33
JASON DERULO,38,JUSTIN TIMBERLAKE - SELFISH,33
DRAKE,37,CHAPPELL ROAN - THE SUBWAY,32
KENYA GRACE,36,SABRINA CARPENTER - ESPRESSO,32
BENJAMIN INGROSSO PURPLE DISCO MACHINE FEAT. NILE RODGERS & SHENSEEA,35,STRYV ADAM PORT FEAT. MALACHIII - MOVE,32
$OHO BANI & HERBERT GRÖNEMEYER,35,ALEX WARREN - ETERNITY,31
BAD BUNNY,35,VANCO FEAT. AYA - MA TNSANI (YALLA HABIBI),31
LOST FREQUENCIES & BASTILLE,34,LOLA YOUNG - ONE THING,30
DASHA,34,HUGEL X TOPIC X ARASH FEAT. DAECOLM - I ADORE YOU,30
GLOCKENBACH FEAT. ELLA HENDERSON,33,MARK AMBOR - BELONG TOGETHER,29
SEAN PAUL,33,SOPHIE AND THE GIANTS - SHUT UP AND DANCE,29
LOI,33,ARTEMAS - I LIKE THE WAY YOU KISS ME,29
STRYV ADAM PORT FEAT. MALACHIII,32,MR. BELT & WEZOL - IT'S NOT RIGHT BUT IT'S OKAY,29
LORDE,32,"CHAPPELL ROAN - GOOD LUCK, BABE!",28
ZARTMANN,31,DUA LIPA - ILLUSION,28
VANCO FEAT. AYA,31,ZERB & SOFIYA NZAU - MWAKI,28
HUGEL X TOPIC X ARASH FEAT. DAECOLM,30,GIANT ROOKS - SOMEBODY LIKE YOU,28
GIANT ROOKS,30,HOZIER - TOO SWEET,28
HOZIER,30,OFENBACH FEAT. NORMA JEAN MARTINE - OVERDRIVE,28
SWEDISH HOUSE MAFIA,30,SHIMZA X AR/CO X KASANGO - FIRE FIRE,28
MARK AMBOR,29,THE MAGICIAN PURPLE DISCO MACHINE - ALL MY LIFE,27
JAN-CHRISTIAN ZELLER,29,IMANBEK & BYOR - BELLY DANCER,27
SOPHIE AND THE GIANTS,29,NICO SANTOS - RAY OF LIGHT,26
ARTEMAS,29,GLOCKENBACH X CHRIS DE SARANDY - MAGIC MOMENT,26
MR. BELT & WEZOL,29,STICKLE X YUNG SAINT PAUL - WUNDERSCHÖN,26
HARRY STYLES,29,BLACKPINK - JUMP,26
ZERB & SOFIYA NZAU,28,JAXOMY X AGATINO ROMERO X RAFFAELLA CARRÀ - PEDRO,26
TWENTY ONE PILOTS,28,LAUV - I LIKE ME BETTER,25
OFENBACH FEAT. NORMA JEAN MARTINE,28,BAD BUNNY - DTMF,25
SHIMZA X AR/CO X KASANGO,28,ZARTMANN - TAU MICH AUF,24
THE MAGICIAN PURPLE DISCO MACHINE,27,TEDDY SWIMS - LOSE CONTROL,24
IMANBEK & BYOR,27,PURPLE DISCO MACHINE X ÁSDÍS - BEAT OF YOUR HEART,24
GLOCKENBACH X CHRIS DE SARANDY,26,FELIX JAEHN & SHOUSE - WALK WITH ME,24
STICKLE X YUNG SAINT PAUL,26,BENNETT - VOIS SUR TON CHEMIN (TECHNO MIX),23
THE CREATOR TYLER,26,ZARA LARSSON - MEMORY LANE,23
BLACKPINK,26,ROSÉ & BRUNO MARS - APT.,23
JAXOMY X AGATINO ROMERO X RAFFAELLA CARRÀ,26,"JAZZY, D.O.D SONNY FODERA - SOMEDAYS",23
LAUV,25,COLDPLAY - FEELSLIKEIMFALLINGINLOVE,23
BLACK EYED PEAS,25,TEDDY SWIMS - BAD DREAMS,22
MACKLEMORE & RYAN LEWIS,25,"TY DOLLA $IGN, WIZ KHALIFA ZERB - LOCATION",22
SEEED,24,SABRINA CARPENTER - TASTE,21
PURPLE DISCO MACHINE X ÁSDÍS,24,BL3SS X CAMRINWATSIN FEAT. BBYCLOSE - KISSES,21
FELIX JAEHN & SHOUSE,24,KAROL G - SI ANTES TE HUBIERA CONOCIDO,21
LEONY,23,TAIO CRUZ FEAT. LUDACRIS - BREAK YOUR HEART,21
BENNETT,23,GREEEN - PANAMA,21
AVA MAX,23,CHAPPELL ROAN - PINK PONY CLUB,20
ROSÉ & BRUNO MARS,23,LINKIN PARK - THE EMPTINESS MACHINE,20
TYLA,23,JAN-CHRISTIAN ZELLER - 1LIVE GO MIX,20
"JAZZY, D.O.D SONNY FODERA",23,TYLA - WATER,20
ARIANA GRANDE,23,LOI - THE WAY I WANT IT,20
OLIVIA RODRIGO,23,FUN. FEAT. JANELLE MONAE - WE ARE YOUNG,20
SAM SMITH,23,LMFAO - PARTY ROCK ANTHEM,19
CLOCKCLOCK,23,ZARA LARSSON - LUSH LIFE,19
"TY DOLLA $IGN, WIZ KHALIFA ZERB",22,ADDISON RAE - DIET PEPSI,19
ELLIE GOULDING,22,ALPHAVILLE DAVID GUETTA & AVA MAX - FOREVER YOUNG,19
BURNA BOY,22,WET LEG - MANGETOUT,19
LANA DEL REY,22,CHRYSTAL - THE DAYS (NOTION REMIX),19
BL3SS X CAMRINWATSIN FEAT. BBYCLOSE,21,TRINIX & MARI FROES - VAITIMBORA,19
KAROL G,21,ROBIN SCHULZ X RITA ORA X TIAGO PZK - I'LL BE THERE,19
TAIO CRUZ FEAT. LUDACRIS,21,ALFA FEAT. MANU CHAO - A ME MI PIACE,18
DJ SNAKE FEAT. BIPOLAR SUNSHINE,21,DJ SNAKE FEAT. BIPOLAR SUNSHINE - PARADISE,18
DJO,21,THE CREATOR TYLER - RING RING RING,18
POST MALONE,21,DJO - BASIC BEING BASIC,18
GREEEN,21,ASAF AVIDAN - ONE DAY (RECKONING SONG) WANKELMUT REMIX,18
LINKIN PARK,20,LORDE - WHAT WAS THAT,18
BRUNO MARS,20,JAX JONES FEAT. RAYE - YOU DON'T KNOW ME,18
MILKY CHANCE,20,"&JOSEPH (CH), BRENT FAIYAZ FRIENDS - JACKIE B",18
GLASS ANIMALS,20,ZEDD FEAT. HAYLEY WILLIAMS OF PARAMORE - STAY THE NIGHT,17
FUN. FEAT. JANELLE MONAE,20,AVICII - LEVELS,17
ONE DIRECTION,19,LOLA YOUNG - D£ALER,17
LMFAO,19,NINA CHUBA - FATA MORGANA,17
EMINEM FEAT. RIHANNA,19,DRAKE - HOLD ON WE'RE GOING HOME,17
ALPHAVILLE DAVID GUETTA & AVA MAX,19,MK FEAT. CHRYSTAL - DIOR,17
USHER,19,JONAS BLUE & MALIVE - EDGE OF DESIRE,17
WET LEG,19,CMAT - TAKE A SEXY PICTURE OF ME,17
LOST FREQUENCIES,19,AYLIVA X APACHE 207 - WUNDER,17
CHRYSTAL,19,TWOCOLORS X SAFRI DUO X CHRIS DE SARANDY - CYNICAL,17
TRINIX & MARI FROES,19,TAYLOR SWIFT - CRUEL SUMMER,16
ROBIN SCHULZ X RITA ORA X TIAGO PZK,19,J BALVIN & WILLY WILLIAM - MI GENTE,16
CHARLIE PUTH,18,BLACK EYED PEAS - ROCK THAT BODY,16
KATY PERRY,18,YEARS & YEARS - KING,16
ALFA FEAT. MANU CHAO,18,TOPIC X DAECOLM - CONTROL OF ME,16
ONEREPUBLIC,18,BADCHIEFF X MAKKO X SIRA - GUT AUS,16
TWOCOLORS,18,DRAKE FEAT. WIZKID & KYLA - ONE DANCE,16
TURNSTILE,18,ELLA HENDERSON FEAT. RUDIMENTAL - ALIBI,16
ASAF AVIDAN,18,REGARD - RIDE IT,16
JAX JONES FEAT. RAYE,18,VANCE JOY - RIPTIDE,15
"&JOSEPH (CH), BRENT FAIYAZ FRIENDS",18,SHAWN MENDES - THERE'S NOTHING HOLDIN' ME BACK,15
ZEDD FEAT. HAYLEY WILLIAMS OF PARAMORE,17,CRO - EINMAL UM DIE WELT,15
CALVIN HARRIS FEAT. ELLIE GOULDING,17,RIHANNA - ONLY GIRL (IN THE WORLD),15
MK FEAT. CHRYSTAL,17,RIHANNA - DIAMONDS,15
JONAS BLUE & MALIVE,17,SHOUSE - LOVE TONIGHT,15
CMAT,17,DELERIUM FEAT. SARAH MCLACHLAN - SILENCE (JOHN SUMMIT REMIX),15
AYLIVA X APACHE 207,17,THE WEEKND METRO BOOMIN' & 21 SAVAGE - CREEPIN',15
MAJOR LAZER,17,"RONIS GOLIATH, BEES WAKYIN & HONEY - ICE 2 WATER",15
JONAS BROTHERS,17,THE WEEKND - SAVE YOUR TEARS,15
TWOCOLORS X SAFRI DUO X CHRIS DE SARANDY,17,TWENTY ONE PILOTS - STRESSED OUT,15
INNA,16,ROUTE 94 FEAT. JESS GLYNNE - MY LOVE,15
BASTILLE,16,MIKE POSNER - I TOOK A PILL IN IBIZA (SEEB REMIX),15
J BALVIN & WILLY WILLIAM,16,GLASS ANIMALS - HEAT WAVES,15
YEARS & YEARS,16,CLOCKCLOCK - LOVE U AGAIN,15
TOPIC X DAECOLM,16,MACKLEMORE & RYAN LEWIS - CAN'T HOLD US,15
BADCHIEFF X MAKKO X SIRA,16,THE NEIGHBOURHOOD - SWEATER WEATHER,15
DRAKE FEAT. WIZKID & KYLA,16,24KGOLDN FEAT. IANN DIOR - MOOD,15
ELLA HENDERSON FEAT. RUDIMENTAL,16,TAYLOR SWIFT - SHAKE IT OFF (TAYLOR'S VERSION),14
REGARD,16,KYGO X AVA MAX - WHATEVER,14
MAROON 5,16,DUA LIPA - DON'T START NOW,14
01099,16,TATE MCRAE - IT'S OK I'M OK,14
PITBULL,16,MEDUZA FEAT. DERMOT KENNEDY - PARADISE,14
VANCE JOY,15,OLIVIA DEAN - NICE TO EACH OTHER,14
PETER FOX,15,ZEDD FEAT. FOXES - CLARITY,14
SHOUSE,15,DAMIANO DAVID - BORN WITH A BROKEN HEART,14
1LIVE DJ SESSION,15,DNCE - CAKE BY THE OCEAN,14
DELERIUM FEAT. SARAH MCLACHLAN,15,LANA DEL REY - SUMMERTIME SADNESS,14
THE WEEKND METRO BOOMIN' & 21 SAVAGE,15,MAJOR LAZER - LIGHT IT UP,14
"RONIS GOLIATH, BEES WAKYIN & HONEY",15,SAM SMITH FEAT. KIM PETRAS - UNHOLY,14
ROUTE 94 FEAT. JESS GLYNNE,15,LORDE - TEAM,14
THE WEEKND FEAT. DAFT PUNK,15,LOST FREQUENCIES & TOM ODELL - BLACK FRIDAY (PRETTY LIKE THE SUN),14
RÜFÜS DU SOL,15,FIFTH HARMONY FEAT. KID INK - WORTH IT,14
MIKE POSNER,15,SOMBR - 12 TO 12,13
THE NEIGHBOURHOOD,15,AVICII - HEY BROTHER,13
24KGOLDN FEAT. IANN DIOR,15,"SNOOP DOGG & WIZ KHALIFA FEAT. BRUNO MARS - YOUNG, WILD & FREE",13
KYGO X AVA MAX,14,SKI AGGU - PARTY SAHNE,13
BOB MARLEY,14,MILLENIUMKID X JBS - VIELLEICHT VIELLEICHT,13
MEDUZA FEAT. DERMOT KENNEDY,14,RIHANNA - S&M,13
OLIVIA DEAN,14,TOMMY RICHMAN - MILLION DOLLAR BABY,13
TOMMY RICHMAN,14,TIËSTO - THE BUSINESS,13
ZEDD FEAT. FOXES,14,"HUNTR/EJAE, AUDREY NUNA, REI AMI, KPOP DEMON HUNTERS CAST X - GOLDEN",13
DAMIANO DAVID,14,JASON DERULO - TAKE YOU DANCING,13
SIA,14,SIRA X BAUSA X BADCHIEFF - 9 BIS 9,13
DNCE,14,EMINEM FEAT. RIHANNA - LOVE THE WAY YOU LIE,13
SAM SMITH FEAT. KIM PETRAS,14,KESHA - DIE YOUNG,13
LOST FREQUENCIES & TOM ODELL,14,SIA - GIMME LOVE,13
FIFTH HARMONY FEAT. KID INK,14,NAUGHTY BOY FEAT. SAM SMITH - LA LA LA,13
SNOOP DOGG & WIZ KHALIFA FEAT. BRUNO MARS,13,ELIZA ROSE - B.O.T.A (BADDEST OF THEM ALL),13
MILLENIUMKID X JBS,13,"GNASH FEAT. OLIVIA O'BRIEN - I HATE U, I LOVE U",13
TIËSTO,13,DAFT PUNK FEAT. PHARRELL - GET LUCKY,13
ADELE,13,01099 - DURSTLÖSCHER,13
"HUNTR/EJAE, AUDREY NUNA, REI AMI, KPOP DEMON HUNTERS CAST X",13,TAYLOR SWIFT - I KNEW YOU WERE TROUBLE (TAYLOR'S VERSION),12
DERMOT KENNEDY,13,TAYLOR SWIFT - BLANK SPACE (TAYLOR'S VERSION),12
CHICANE,13,WALK THE MOON - SHUT UP AND DANCE,12
SIRA X BAUSA X BADCHIEFF,13,KUNGS & COOKIN' ON 3 BURNERS - THIS GIRL,12
KESHA,13,DUA LIPA - DANCE THE NIGHT,12
NAUGHTY BOY FEAT. SAM SMITH,13,IMAGINE DRAGONS - WHATEVER IT TAKES,12
LIL NAS X,13,JESSIE J - DOMINO,12
ELIZA ROSE,13,CHARLIE PUTH - ATTENTION,12
GNASH FEAT. OLIVIA O'BRIEN,13,RIHANNA - WE FOUND LOVE,12
DAFT PUNK FEAT. PHARRELL,13,SEAN PAUL - SHE DOESN'T MIND,12
STROMAE,13,TIESTO - LAY LOW,12
WALK THE MOON,12,ÖWNBOSS & SEVEK - MOVE YOUR BODY,12
KUNGS & COOKIN' ON 3 BURNERS,12,SHABOOZEY - A BAR SONG (TIPSY),12
JESSIE J,12,KATY PERRY - ROAR,12
DISCLOSURE,12,CAPITAL CITIES - SAFE AND SOUND,12
TIESTO,12,JUSTIN TIMBERLAKE - CAN'T STOP THE FEELING!,12
ERIC PRYDZ,12,THE WEEKND - TAKE MY BREATH,12
ÖWNBOSS & SEVEK,12,THE WEEKND - CRY FOR ME,12
SHABOOZEY,12,LYKKE LI - I FOLLOW RIVERS (THE MAGICIAN REMIX),12
CAPITAL CITIES,12,ARIANA GRANDE FEAT. ZEDD - BREAK FREE,12
LYKKE LI,12,REMA & SELENA GOMEZ - CALM DOWN,12
ARIANA GRANDE FEAT. ZEDD,12,AYLIVA - HÄSSLICH,12
REMA & SELENA GOMEZ,12,ICONA POP - I LOVE IT,12
AYLIVA,12,TWOCOLORS - HEAVY METAL LOVE,12
ICONA POP,12,WANKELMUT & EMMA LOUISE - MY HEAD IS A JUNGLE,12
WANKELMUT & EMMA LOUISE,12,CARLY RAE JEPSEN - CALL ME MAYBE,12
MARTERIA,12,LOST FREQUENCIES - LOVE IS THE ONLY THING,12
CARLY RAE JEPSEN,12,CALVIN HARRIS FEAT. DISCIPLES & INA WROLDSEN - HOW DEEP IS YOUR LOVE,12
CALVIN HARRIS FEAT. DISCIPLES & INA WROLDSEN,12,TOVE LO FEAT. HIPPIE SABOTAGE - HABITS (STAY HIGH) (HABITS REMIX),12
PEGGY GOU,12,SWEDISH HOUSE MAFIA - DON'T YOU WORRY CHILD,12
TOVE LO FEAT. HIPPIE SABOTAGE,12,PITBULL FEAT. AFROJACK NE-YO & NAYER - GIVE ME EVERYTHING,12
PITBULL FEAT. AFROJACK NE-YO & NAYER,12,DJ SNAKE FEAT. JUSTIN BIEBER - LET ME LOVE YOU,12
DJ SNAKE FEAT. JUSTIN BIEBER,12,POST MALONE FEAT. MORGAN WALLEN - I HAD SOME HELP,12
POST MALONE FEAT. MORGAN WALLEN,12,MAJOR LAZER & DJ SNAKE FEAT. MØ - LEAN ON,12
MAJOR LAZER & DJ SNAKE FEAT. MØ,12,GAYLE - ABCDEFU,12
GAYLE,12,JUSTIN BIEBER - SORRY,11
MANU CHAO,11,APACHE 207 - MIAMI,11
NINA SKY FEAT. JABBA,11,LEONY - REMEDY,11
WILL.I.AM FEAT. BRITNEY SPEARS,11,NINA SKY FEAT. JABBA - MOVE YA BODY,11
BAUSA,11,WILL.I.AM FEAT. BRITNEY SPEARS - SCREAM & SHOUT,11
TAIO CRUZ,11,SHAWN MENDES - STITCHES,11
JASON DERULO FEAT. NICKI MINAJ & TY DOLLA $IGN,11,SHAWN MENDES - TREAT YOU BETTER,11
SEBASTIAN INGROSSO FEAT. CÉLINE DION,11,BAUSA - WAS DU LIEBE NENNST,11
MORGAN SEATREE FEAT. FLORENCE + THE MACHINE,11,IMAGINE DRAGONS - BELIEVER,11
LIL NAS X & JACK HARLOW,11,JASON DERULO FEAT. NICKI MINAJ & TY DOLLA $IGN - SWALLA,11
KEVIN LYTTLE,11,KAMRAD - FRIENDS,11
AVICII FEAT. SANDRO CAVAZZA,11,"KRAFTKLUB - WENN ICH TOT BIN, FANG ICH WIEDER AN",11
CYRIL,11,SEBASTIAN INGROSSO FEAT. CÉLINE DION - A NEW DAY,11
KATY PERRY FEAT. JUICY J,11,MORGAN SEATREE FEAT. FLORENCE + THE MACHINE - SAY MY NAME (REMIX),11
MØ,11,AVA MAX - SWEET BUT PSYCHO,11
FILOW & IKKIMEL,11,LIL NAS X & JACK HARLOW - INDUSTRY BABY,11
BEYONCÉ,11,ELLIE GOULDING - BURN,11
SAINT JHN,11,ELLIE GOULDING - LIGHTS,11
DUCK SAUCE,11,KEVIN LYTTLE - TURN ME ON,11
CAMILA CABELLO & YOUNG THUG,11,THE WEEKND - THE HILLS,11
RITON X NIGHTCRAWLERS FEAT. MUFASA & HYPEMAN,11,TWENTY ONE PILOTS - HEATHENS,11
INTERPLANETARY CRIMINAL FEAT. ORIGINAL KOFFEE,11,AVICII FEAT. SANDRO CAVAZZA - WITHOUT YOU,11
TOPIC FEAT. A7S,11,CYRIL - STUMBLIN' IN,11
CRO 01099,11,KATY PERRY FEAT. JUICY J - DARK HORSE,11
PETER FOX FEAT. INÉZ,11,MØ - FINAL SONG,11
FLO RIDA,11,FILOW & IKKIMEL - JIGGY,11
JESSIE J FEAT. B.O.B.,10,BEYONCÉ - TEXAS HOLD 'EM,11
AXWELL /\ INGROSSO,10,SAINT JHN - ROSES (IMANBEK REMIX),11
CLEAN BANDIT FEAT. SEAN PAUL & ANNE-MARIE,10,DUCK SAUCE - BARBRA STREISAND,11
RAG'N'BONE MAN,10,CAMILA CABELLO & YOUNG THUG - HAVANA,11
BENNY BLANCO & HALSEY FEAT. KHALID,10,RITON X NIGHTCRAWLERS FEAT. MUFASA & HYPEMAN - FRIDAY (DOPAMINE RE-EDIT),11
ANNA NAKLAB FEAT. ALLE FARBEN & YOUNOTUS,10,INTERPLANETARY CRIMINAL FEAT. ORIGINAL KOFFEE - SLOW BURNER,11
WILL SMITH,10,TOPIC FEAT. A7S - BREAKING ME,11
MONTEZ,10,CRO 01099 - SO HEISS,11
NATASHA BEDINGFIELD,10,PETER FOX FEAT. INÉZ - ZUKUNFT PINK,11
THE CHAINSMOKERS FEAT. HALSEY,10,PETER FOX - SCHÜTTEL DEINEN SPECK,10
KATY PERRY FEAT. SNOOP DOGG,10,BENSON BOONE - BEAUTIFUL THINGS,10
JOEL CORRY FEAT MNEK,10,JESSIE J FEAT. B.O.B. - PRICE TAG,10
BOB SINCLAR FEAT. STEVE EDWARDS,10,AXWELL /\ INGROSSO - MORE THAN YOU KNOW,10
JAMES HYPE FEAT.KELLI-LEIGH,10,SHAWN MENDES - WHEN YOU'RE GONE,10
BUNT. FEAT. TOM ODELL,10,CLEAN BANDIT FEAT. SEAN PAUL & ANNE-MARIE - ROCKABYE,10
JAX JONES & ZOE WEES,10,DUA LIPA - BE THE ONE,10
NICKY MINAJ,10,RAG'N'BONE MAN - HUMAN,10
B.O.B. FEAT. BRUNO MARS,10,BENNY BLANCO & HALSEY FEAT. KHALID - EASTSIDE,10
BADGER & NATASHA BEDINGFIELD,10,ANNA NAKLAB FEAT. ALLE FARBEN & YOUNOTUS - SUPERGIRL,10
CALVIN HARRIS,10,JASON DERULO - WANT TO WANT ME,10
MR. PROBZ,10,MONTEZ - AUF & AB,10
SIDO,10,ZARA LARSSON - CAN'T TAME HER,10
STARDUST,10,NATASHA BEDINGFIELD - UNWRITTEN,10
REEZY,9,THE CHAINSMOKERS FEAT. HALSEY - CLOSER,10
BELLINI,9,ARIANA GRANDE - NO TEARS LEFT TO CRY,10
AVICII FEAT. ALOE BLACC,9,KATY PERRY FEAT. SNOOP DOGG - CALIFORNIA GURLS,10
MAU P,9,JOEL CORRY FEAT MNEK - HEAD & HEART,10
THE UNDERDOG PROJECT,9,POST MALONE - CIRCLES,10
NELLY,9,JAMES HYPE FEAT.KELLI-LEIGH - MORE THAN FRIENDS,10
SNOOP DOGG FEAT. PHARRELL WILLIAMS,9,BUNT. FEAT. TOM ODELL - BEST DAY OF MY LIFE (BUNT. VERSION),10
GOOD NEIGHBOURS,9,JAX JONES & ZOE WEES - NEVER BE LONELY,10
JAZEEK,9,SWEDISH HOUSE MAFIA - SAVE THE WORLD,10
LIAM PAYNE & RITA ORA,9,NICKY MINAJ - STARSHIPS,10
DAVID KUSHNER,9,MACKLEMORE & RYAN LEWIS - THRIFT SHOP,10
MABEL,9,B.O.B. FEAT. BRUNO MARS - NOTHIN' ON YOU,10
ÁSDÍS,9,BADGER & NATASHA BEDINGFIELD - THESE WORDS,10
TAME IMPALA,9,CALVIN HARRIS - SUMMER,10
PITBULL FEAT. KESHA,9,MR. PROBZ - WAVES (ROBIN SCHULZ REMIX),10
JELLY ROLL MARSHMELLO,9,PITBULL - HOTEL ROOM SERVICE,10
ALAN WALKER,9,STARDUST - MUSIC SOUNDS BETTER WITH YOU,10
JAMES HYPE & MIGGY DELA ROSA,9,TAYLOR SWIFT - IS IT OVER NOW? (TAYLOR'S VERSION) (FROM THE VAULT),9
CALVIN HARRIS FEAT. RIHANNA,9,REEZY - SABÍA QUE NO,9
PANIC! AT THE DISCO,9,LEONY - FADED LOVE,9
ATB,9,ED SHEERAN - A LITTLE MORE,9
MARK RONSON FEAT. BRUNO MARS,9,INNA - HOT,9
ZEDD & ELLEY DUHÉ,9,CALVIN HARRIS FEAT. ELLIE GOULDING - I NEED YOUR LOVE,9
THE KID LAROI,9,ONE DIRECTION - DRAG ME DOWN,9
SOUTHSTAR,8,ONE DIRECTION - WHAT MAKES YOU BEAUTIFUL,9
ROYEL OTIS,8,"DISCLOSURE - SHE’S GONE, DANCE ON",9
"FISHER, CHRIS LAKE, KIMBRA, SANTE SANSONE GOTYE",8,BELLINI - SAMBA DE JANEIRO,9
PASHANIM FEAT. CEREN,8,JAN-CHRISTIAN ZELLER - 1LIVE MOVING MIX,9
JADEN BOJSEN,8,AVICII FEAT. ALOE BLACC - WAKE ME UP,9
FISHER X BBYCLOSE,8,ERIC PRYDZ - PJANOO,9
KUNGS,8,THE UNDERDOG PROJECT - SUMMER JAM,9
MARTERIA FEAT. YASHA & MISS PLATNUM,8,DERMOT KENNEDY - POWER OVER ME,9
YVES LAROCK FEAT. JABA,8,JUSTIN TIMBERLAKE - SUMMER LOVE,9
TRAVIE MCCOY FEAT. BRUNO MARS,8,JUSTIN TIMBERLAKE - MIRRORS,9
LAURELL,8,THE WEEKND - BLINDING LIGHTS,9
ACRAZE FEAT. CHERISH,8,SNOOP DOGG FEAT. PHARRELL WILLIAMS - BEAUTIFUL,9
OFENBACH FEAT. LAGIQUE,8,HARRY STYLES - WATERMELON SUGAR,9
BUNT. MYLES LLOYD,8,OLIVIA RODRIGO - GOOD 4 U,9
THE LAST DINNER PARTY,8,LIAM PAYNE & RITA ORA - FOR YOU,9
CASPER,8,TURNSTILE - SEEIN' STARS,9
THE NAKED & FAMOUS,8,TURNSTILE - NEVER ENOUGH,9
CAMELPHAT & ELDERBROOK,8,DAVID KUSHNER - DAYLIGHT,9
IMANY FEAT. FILATOV & KARAS,8,MABEL - DON'T CALL ME UP,9
FELIX JAEHN FEAT. JASMINE THOMPSON,8,ÁSDÍS - ANGEL EYES,9
JUNIOR SENIOR,8,TAME IMPALA - END OF SUMMER,9
NICKY YOURE X DAZY,8,BAD BUNNY - NUEVAYOL,9
ROGER SANCHEZ,8,PITBULL FEAT. KESHA - TIMBER,9
SHAKIRA,8,JELLY ROLL MARSHMELLO - HOLY WATER,9
COLDPLAY X BTS,8,ALAN WALKER - FADED,9
DOJA CAT,8,JAMES HYPE & MIGGY DELA ROSA - FERRARI,9
ATB X TOPIC X A7S,8,CALVIN HARRIS FEAT. RIHANNA - THIS IS WHAT YOU CAME FOR,9
CONFIDENCE MAN & JADE,8,PANIC! AT THE DISCO - HIGH HOPES,9
LOUD LUXURY FEAT. BRANDO,8,ATB - 9 PM (TILL I COME),9
AARON SMITH FEAT. LUVLI,8,MARK RONSON FEAT. BRUNO MARS - UPTOWN FUNK,9
DEMI LOVATO,8,JONAS BROTHERS - ONLY HUMAN,9
ZOE WEES,8,ZEDD & ELLEY DUHÉ - HAPPY NOW,9
MAÎTRE GIMS FEAT. DANY SYNTHÉ,7,THE KID LAROI - WITHOUT YOU,9
JAMES ARTHUR,7,TAYLOR SWIFT - WE ARE NEVER EVER GETTING BACK TOGETHER (TAYLOR'S VERSION),8
DAVID GUETTA & ANNE-MARIE & COI LERAY,7,MYLES SMITH - STARGAZING,8
JAMES HYPE FEAT. BOBBY HARVEY SAM HARPER,7,AVICII - WAITING FOR LOVE,8
PURPLE DISCO MACHINE,7,BOB MARLEY - IS THIS LOVE,8
SIGALA,7,TAIO CRUZ - DYNAMITE,8
RAFFA FL,7,CALVIN HARRIS FEAT. ELLIE GOULDING - OUTSIDE,8
TRAVIS SCOTT & HVME,7,CRO - TRAUM,8
PITBULL FEAT. JOHN RYAN,7,SOUTHSTAR - MISS YOU,8
OFENBACH & ELLA HENDERSON,7,BASTILLE - POMPEII,8
DJ ANTOINE VS. TIMATI FEAT. KALENNA,7,ADELE - ROLLING IN THE DEEP,8
JOHN NEWMAN,7,"FISHER, CHRIS LAKE, KIMBRA, SANTE SANSONE GOTYE - SOMEBODY (2024)",8
LOONA,7,JASON DERULO - THE OTHER SIDE,8
SHAKIRA FEAT. FRESHLYGROUND,7,PASHANIM FEAT. CEREN - SHABAB(E)S IM VIP,8
BLEU SOLEIL & LUIZA,7,JADEN BOJSEN - LET'S GO,8
ROBIN SCHULZ & J.U.D.G.E.,7,FISHER X BBYCLOSE - BLACKBERRIES,8
SANTOS,7,KUNGS - DON'T YOU KNOW,8
PITBULL FEAT. JENNIFER LOPEZ & CLAUDIA LEITTE,7,SEEED - AUFSTEHN,8
PAUL KALKBRENNER,7,AVA MAX - MY HEAD & MY HEART,8
TIËSTO & AVA MAX,7,MARTERIA FEAT. YASHA & MISS PLATNUM - LILA WOLKEN,8
PLAYBOI CARTI THE WEEKND & MADONNA,7,NELLY - HOT IN HERRE,8
JAMIE XX FEAT. ROBYN,7,YVES LAROCK FEAT. JABA - RISE UP,8
ELLA STERN,7,TRAVIE MCCOY FEAT. BRUNO MARS - BILLIONAIRE,8
CALVIN HARRIS FEAT. DUA LIPA,7,LAURELL - HABIT,8
DISCLOSURE FEAT. SAM SMITH,7,ACRAZE FEAT. CHERISH - DO IT TO IT,8
FRED AGAIN.. & ANDERSON .PAAK & CHIKA,7,HARRY STYLES - SIGN OF THE TIMES,8
KETTAMA & DJ HEARTSTRING FEAT. KLP,7,OFENBACH FEAT. LAGIQUE - WASTED LOVE,8
SILICONE SOUL,7,ONEREPUBLIC - RUNAWAY,8
MICHAEL FRANTI,7,BUNT. MYLES LLOYD - CRAZY,8
VENGABOYS,7,THE WEEKND FEAT. DAFT PUNK - I FEEL IT COMING,8
POST MALONE FEAT. 21 SAVAGE,7,THE LAST DINNER PARTY - THIS IS THE KILLER SPEAKING,8
MARTIN GARRIX X JVKE,7,THE NAKED & FAMOUS - YOUNG BLOOD,8
AVRIL LAVIGNE,7,POST MALONE - CHEMICAL,8
SHIRIN DAVID,7,CAMELPHAT & ELDERBROOK - COLA,8
POST MALONE & SWAE LEE,7,IMANY FEAT. FILATOV & KARAS - DON'T BE SO SHY,8
RAFFA GUIDO,7,FELIX JAEHN FEAT. JASMINE THOMPSON - AIN'T NOBODY (LOVES ME BETTER),8
OSWALD,7,JUNIOR SENIOR - MOVE YOUR FEET,8
DADDY YANKEE FEAT. SNOW,7,NICKY YOURE X DAZY - SUNROOF,8
BRITNEY SPEARS,7,ROGER SANCHEZ - ANOTHER CHANCE,8
THE CHAINSMOKERS,7,"SHAKIRA - WHENEVER, WHEREVER",8
DJ SNAKE & ALUNAGEORGE,7,COLDPLAY X BTS - MY UNIVERSE,8
MARSHMELLO & ANNE-MARIE,7,ATB X TOPIC X A7S - YOUR LOVE (9PM),8
SUPER-HI X NEEKA,7,CONFIDENCE MAN & JADE - GOSSIP,8
MALIK HARRIS,7,LOUD LUXURY FEAT. BRANDO - BODY,8
CALVIN HARRIS FEAT. SAM SMITH,7,AARON SMITH FEAT. LUVLI - DANCIN (KRONO REMIX),8
ALEXANDRA STAN,7,DEMI LOVATO - FAST,8
ROYA,7,MANU CHAO - BONGO BONG - JE NE T'AIME PLUS,7
BIFFY CLYRO,7,ZARTMANN - EEHHHYYY,7
1LIVE HIP HOP SESSION,7,INNA - SUN IS UP,7
J BALVIN X SKRILLEX,7,MAÎTRE GIMS FEAT. DANY SYNTHÉ - LOIN,7
ALL SAINTS,7,DUA LIPA - LOVE AGAIN,7
NEA,7,CRO - MELODIE,7
VIZE FEAT. LANIIA,7,RIHANNA - RUDE BOY,7
SEAN PAUL FEAT. ALEXIS JORDAN,7,SEAN PAUL - WE BE BURNIN',7
PEDRO CAPÓ,7,JAMES ARTHUR - IMPOSSIBLE,7
HUGEL X DIPLO FEAT. MALOU & YUNA,6,DAVID GUETTA & ANNE-MARIE & COI LERAY - BABY DON'T HURT ME,7
CARLY RAE JEPSEN FEAT. OWL CITY,6,JAMES HYPE FEAT. BOBBY HARVEY SAM HARPER - WATERFALLS,7
CUPIDON & MILAA,6,SIGALA - EASY LOVE,7
LEONIDEN,6,BRUNO MARS - JUST THE WAY YOU ARE,7
LIZZO,6,CHICANE - SALTWATER,7
"ALTA, ROBERT FALCON, JESS GLYNNE ALOK",6,RAFFA FL - RITMO,7
AYMEN X AMO,6,TRAVIS SCOTT & HVME - GOOSEBUMPS (REMIX),7
TREAM,6,PITBULL FEAT. JOHN RYAN - FIREBALL,7
CLEAN BANDIT FEAT. JESS GLYNNE,6,OFENBACH & ELLA HENDERSON - HURRICANE,7
SERGIO MENDES FEAT. BLACK EYED PEAS,6,DJ ANTOINE VS. TIMATI FEAT. KALENNA - WELCOME TO ST. TROPEZ,7
FIFTH HARMONY FEAT. TY DOLLA SIGN,6,JOHN NEWMAN - LOVE ME AGAIN,7
KLINGANDE,6,SHAKIRA FEAT. FRESHLYGROUND - WAKA WAKA (THIS TIME FOR AFRICA),7
,6,BLEU SOLEIL & LUIZA - SOLEIL BLEU,7
MAJOR LAZER FEAT. JUSTIN BIEBER & MØ,6,ROBIN SCHULZ & J.U.D.G.E. - SHOW ME LOVE,7
GOTYE FEAT. KIMBRA,6,USHER - DJ GOT US FALLIN' IN LOVE,7
LUCENZO FEAT. DON OMAR,6,USHER - SCREAM,7
OZUNA,6,SANTOS - GESTERN,7
TOM ODELL,6,MILKY CHANCE - LIVING IN A HAZE,7
WYCLEF JEAN,6,MILKY CHANCE - STOLEN DANCE,7
KLANGKARUSSELL,6,OLIVIA RODRIGO - DRIVERS LICENSE,7
SAM FENDER & OLIVIA DEAN,6,OLIVIA RODRIGO - VAMPIRE,7
CRYSTAL WATERS,6,PITBULL FEAT. JENNIFER LOPEZ & CLAUDIA LEITTE - WE ARE ONE (OLE OLA),7
THE KID LAROI & JUSTIN BIEBER,6,PAUL KALKBRENNER - SKY AND SAND,7
IKKIMEL X NOCASHFROMPARENTS,6,THE WEEKND FEAT. DAFT PUNK - STARBOY,7
EIN ROSENKAVALIER,6,TIËSTO & AVA MAX - THE MOTTO,7
MIKSU / MACLOUD X MAKKO,6,PLAYBOI CARTI THE WEEKND & MADONNA - POPULAR,7
SAM FELDT FEAT. KIMBERLY ANNE,6,JAMIE XX FEAT. ROBYN - LIFE,7
OSKAR MED K,6,CASPER - SO PERFEKT,7
THE MAGICIAN FEAT. YEARS & YEARS,6,ELLA STERN - KAISERIN VON WIEN,7
ZEDD FEAT. MAREN MORRIS & GREY,6,CALVIN HARRIS FEAT. DUA LIPA - ONE KISS,7
2PAC,6,DISCLOSURE FEAT. SAM SMITH - LATCH,7
MK,6,FRED AGAIN.. & ANDERSON .PAAK & CHIKA - PLACES TO BE,7
SURF MESA FEAT. EMILEE,6,KETTAMA & DJ HEARTSTRING FEAT. KLP - IF U WANT MY HEART,7
JAX JONES FEAT. DEMI LOVATO & STEFFLON DON,6,PEGGY GOU - (IT GOES LIKE) NANANA,7
IIO,6,SILICONE SOUL - RIGHT ON!,7
MODJO,6,MICHAEL FRANTI - THE SOUND OF SUNSHINE,7
JENNIFER LOPEZ,6,VENGABOYS - WE'RE GOING TO IBIZA,7
JJ,6,POST MALONE FEAT. 21 SAVAGE - ROCKSTAR,7
DAFT PUNK,6,MARTIN GARRIX X JVKE - HERO,7
WAMDUE PROJECT,6,STROMAE - PAPAOUTAI,7
FAST BOY X RAF,6,SHIRIN DAVID - BAUCH BEINE PO,7
MEDUZA FEAT. GOODBOYS,6,POST MALONE & SWAE LEE - SUNFLOWER,7
FUGEES,6,RAFFA GUIDO - FAMAX,7
SPILLER,6,OSWALD - WIE ES WAR,7
PURPLE DISCO MACHINE X KUNGS,6,DADDY YANKEE FEAT. SNOW - CON CALMA,7
SNOOP DOGG,6,BRITNEY SPEARS - TOXIC,7
OMI,6,THE CHAINSMOKERS - PARIS,7
CHARLI XCX FEAT. BILLIE EILISH,6,DJ SNAKE & ALUNAGEORGE - YOU KNOW YOU LIKE IT,7
FARRUKO,6,MARSHMELLO & ANNE-MARIE - FRIENDS,7
LINUS57,6,SIDO - BILDER IM KOPF,7
THE STROKES,6,SUPER-HI X NEEKA - FOLLOWING THE SUN,7
BAC,6,CALVIN HARRIS FEAT. SAM SMITH - PROMISES,7
QUEENS OF THE STONE AGE,6,ALEXANDRA STAN - MR. SAXOBEAT,7
MARK RONSON & RAYE,6,ROYA - CRUISE,7
FELIX JAEHN FEAT. NASRI,6,1LIVE HIP HOP SESSION - DJ MUGZEE,7
BTS,6,J BALVIN X SKRILLEX - IN DA GETTO,7
USHER FEAT. NICKI MINAJ,6,FLO RIDA - GOOD FEELING,7
RAUW ALEJANDRO,6,ALL SAINTS - PURE SHORES,7
ZARA LARSSON X DAVID GUETTA,6,NEA - SOME SAY (FELIX JAEHN REMIX),7
RITON X OLIVER HELDENS FEAT. VULA,6,VIZE FEAT. LANIIA - STARS,7
ZAH1DE,6,SEAN PAUL FEAT. ALEXIS JORDAN - GOT 2 LUV U,7
TOPIC & A7S,5,PEDRO CAPÓ - CALMA,7
FRED AGAIN..,5,TAYLOR SWIFT - BAD BLOOD (TAYLOR'S VERSION),6
PAWSA,5,JUSTIN BIEBER - WHAT DO YOU MEAN?,6
WIZKID FEAT. BURNA BOY,5,HUGEL X DIPLO FEAT. MALOU & YUNA - FOREVER,6
CHILDISH GAMBINO,5,MILEY CYRUS - FLOWERS,6
OCEANA,5,BOB MARLEY - COULD YOU BE LOVED,6
MILK & SUGAR,5,BILLIE EILISH - BAD GUY,6
DADDY YANKEE,5,DUA LIPA - BREAK MY HEART,6
DAVID GUETTA FEAT. KID CUDI,5,CRO - DU,6
JUNIOR JACK,5,TATE MCRAE - YOU BROKE ME FIRST,6
NALIN & KANE,5,CHARLIE PUTH - HOW LONG,6
JAIN,5,CARLY RAE JEPSEN FEAT. OWL CITY - GOOD TIME,6
SERANI,5,RIHANNA - PON DE REPLAY,6
ANNENMAYKANTEREIT,5,CUPIDON & MILAA - FEEL IT,6
DJ JAZZY JEFF & THE FRESH PRIN,5,WILL SMITH - MIAMI,6
SHAKIRA FEAT. WYCLEF JEAN,5,1LIVE DJ SESSION - MOGUAI,6
DJ HELL,5,DRAKE - IN MY FEELINGS,6
PASHANIM,5,"ALTA, ROBERT FALCON, JESS GLYNNE ALOK - LOVE HAS GONE",6
DJ SNAKE & J. BALVIN FEAT. TYGA,5,AYMEN X AMO - CAPRI SUN,6
SIGMA,5,MAU P - TESLA,6
TRAVIS SCOTT,5,TREAM - DRAGO AUGUSTINO,6
J. COLE,5,SEEED - DING,6
DAVID GUETTA FEAT. KELLY ROWLAND,5,CLEAN BANDIT FEAT. JESS GLYNNE - RATHER BE,6
ROMY,5,CHICANE - OFFSHORE,6
DIJON,5,SERGIO MENDES FEAT. BLACK EYED PEAS - MAS QUE NADA,6
MAC MILLER FEAT. ANDERSON .PAAK,5,EMINEM FEAT. RIHANNA - THE MONSTER,6
01099 X SKI AGGU,5,FIFTH HARMONY FEAT. TY DOLLA SIGN - WORK FROM HOME,6
BABY BASH,5,JUSTIN TIMBERLAKE - SENORITA,6
MALUMA,5,LOONA - BAILANDO,6
ROBIN SCHULZ FEAT. FRANCESCO YATES,5,KLINGANDE - JUBEL,6
AITCH FEAT. ASHANTI,5,MAJOR LAZER FEAT. JUSTIN BIEBER & MØ - COLD WATER,6
LADY GAGA & BRUNO MARS,5,GOTYE FEAT. KIMBRA - SOMEBODY THAT I USED TO KNOW,6
PETIT BISCUIT,5,LUCENZO FEAT. DON OMAR - DANZA KUDURO,6
DJ MUGZEE,5,OZUNA - BAILA BAILA BAILA,6
GYM CLASS HEROES FEAT. ADAM LEVINE,5,WYCLEF JEAN - AVENUES,6
KYGO FEAT. CONRAD,5,"BOB SINCLAR FEAT. STEVE EDWARDS - WORLD, HOLD ON",6
G-EAZY FEAT. BEBE REXHA,5,KLANGKARUSSELL - SONNENTANZ,6
ION MILES X BHZ,5,LIL NAS X - STAR WALKIN',6
CRAZY TOWN,5,TWOCOLORS - LOVEFOOL,6
GALANTIS,5,JAZEEK - AKON,6
SAMPAGNE X BADCHIEFF X CRO,5,MARTERIA - KIDS (2 FINGER AN DEN KOPF),6
DENNIS LLOYD,5,SAM FENDER & OLIVIA DEAN - REIN ME IN,6
PANJABI MC,5,LANA DEL REY - VIDEO GAMES,6
RAYE FEAT. 070 SHAKE,5,CRYSTAL WATERS - GYPSY WOMAN,6
ALESSIA CARA,5,THE KID LAROI & JUSTIN BIEBER - STAY,6
OXLADE FEAT. CAMILLA CABELLO,5,SAM SMITH - STAY WITH ME,6
KALI UCHIS,5,SAM SMITH - DIAMONDS,6
EDWARD MAYA FEAT. VIKA JIGULINA,5,IKKIMEL X NOCASHFROMPARENTS - BLING BLING,6
ARCTIC MONKEYS,5,MIKSU / MACLOUD X MAKKO - NACHTS WACH,6
LIBIANCA,5,SAM FELDT FEAT. KIMBERLY ANNE - SHOW ME LOVE,6
DON TOLIVER FEAT. DOJA CAT,5,OSKAR MED K - MAKE ME FEEL,6
RHYTHMS DEL MUNDO FT. COLDPLAY,5,THE MAGICIAN FEAT. YEARS & YEARS - SUNLIGHT,6
KYGO & SELENA GOMEZ,5,ZEDD FEAT. MAREN MORRIS & GREY - THE MIDDLE,6
BLACK EYED PEAS FEAT. OZUNA & J.REY SOUL,5,2PAC - CALIFORNIA LOVE,6
DANTE THOMAS,5,MK - 17,6
CKAY FEAT. ELGRANDE TOTO,5,SURF MESA FEAT. EMILEE - ILY (I LOVE YOU BABY),6
KINGS OF LEON,5,JAX JONES FEAT. DEMI LOVATO & STEFFLON DON - INSTRUCTION,6
MARTIN SOLVEIG,5,IIO - RAPTURE,6
BOB SINCLAR,5,MODJO - LADY (HEAR ME TONIGHT),6
ENDOR,5,MAROON 5 - PAYPHONE,6
JAYMES YOUNG,5,STROMAE - ALORS ON DANSE,6
ZSÁ ZSÁ,5,JJ - STILL (I GOT SUMMER ON MY MIND) (FORTELLA REMIX),6
BLINK-182,5,WAMDUE PROJECT - KING OF MY CASTLE,6
BUNT. X NATE TRAVELLER,4,FAST BOY X RAF - WAVE,6
ALICE DEEJAY,4,MEDUZA FEAT. GOODBOYS - PIECE OF YOUR HEART,6
HUGEL,4,FUGEES - FU-GEE-LA,6
YOLANDA BE COOL & DCUP,4,SPILLER - GROOVEJET,6
ELY OAKS,4,PURPLE DISCO MACHINE X KUNGS - SUBSTITUTION,6
"KEINEMUSIK (&RAMPA, ADAM PORT) ME FEAT. CHUALA",4,SNOOP DOGG - SWEAT (DAVID GUETTA REMIX),6
LUIS FONSI FEAT. DEMI LOVATO,4,OMI - CHEERLEADER (FELIX JAEHN REMIX),6
CARDI B FEAT. BAD BUNNY & J BALVIN,4,CHARLI XCX FEAT. BILLIE EILISH - GUESS,6
BOB MARLEY VS. FUNKSTAR DE LUXE,4,FARRUKO - PEPAS,6
BERQ,4,PITBULL - I KNOW YOU WANT ME (CALLE OCHO),6
DAVID GUETTA & ONEREPUBLIC,4,BAC - ROSAROTER TEE,6
THE BLACK EYED PEAS X J BALVIN,4,MARK RONSON & RAYE - SUZANNE,6
PROVINZ,4,FELIX JAEHN FEAT. NASRI - WAKE UP (WITH YOU MINE),6
SURFACES,4,BTS - DYNAMITE,6
SAM GELLAITRY,4,USHER FEAT. NICKI MINAJ - SHE CAME TO GIVE IT TO YOU,6
AVAION X SOFIYA NZAU,4,RAUW ALEJANDRO - TODO DE TI,6
LUIS FONSI & DADDY YANKEE FEAT. JUSTIN BIEBER,4,ZARA LARSSON X DAVID GUETTA - ON MY LOVE,6
ALEC BENJAMIN,4,RITON X OLIVER HELDENS FEAT. VULA - TURN ME ON,6
SIA FEAT. KENDRICK LAMAR,4,JUSTIN BIEBER - LOVE YOURSELF,5
DAVID GUETTA & BEBE REXHA,4,APACHE 207 - BREAKING YOUR HEART,5
CALVIN HARRIS FEAT. PHARRELL KATY PERRY & BIG SEAN,4,ED SHEERAN - BAD HABITS,5
ROBERT MILES,4,LADY GAGA - EDGE OF GLORY,5
ODEN & FATZO,4,DUA LIPA - LEVITATING,5
TIËSTO FEAT. TATE MCRAE,4,TOPIC & A7S - KERNKRAFT 400 (A BETTER DAY),5
LUMIDEE,4,BASTILLE - THINGS WE LOST IN THE FIRE,5
FLUME,4,IMAGINE DRAGONS - ON TOP OF THE WORLD,5
JAMIE XX FEAT. ROMY & OLIVER SIM,4,TATE MCRAE - SPORTS CAR,5
LUCIANO FEAT. OMAH LAY,4,RIHANNA - DON'T STOP THE MUSIC,5
JASON DERULO FEAT. 2 CHAINZ,4,SEAN PAUL - GET BUSY,5
SOLOMUN FEAT. ÄTNA,4,KAMRAD - I HOPE YOU END UP ALONE (WITH ME),5
CHET FAKER,4,ADELE - SET FIRE TO THE RAIN,5
THE WOMBATS,4,KRAFTKLUB - SONGS FÜR LIAM,5
SZA,4,JASON DERULO - BREATHING,5
KENDRICK LAMAR,4,DRAKE - GOD'S PLAN,5
LA ROUX,4,PAWSA - TOO COOL TO BE CARELESS,5
B.O.B. FEAT. HAYLEY WILLIAMS,4,WIZKID FEAT. BURNA BOY - GINGER,5
AVENTURA,4,SEEED - DICKES B,5
NOAH KAHAN,4,SEEED - AUGENBLING,5
LARI LUKE FEAT. ALIDA,4,BRUNO MARS - LOCKED OUT OF HEAVEN,5
LARI LUKE,4,OCEANA - ENDLESS SUMMER,5
MALUGI X PAUL SIRRELL,4,MILK & SUGAR - LET THE SUNSHINE IN,5
LP GIOBBI FEAT. DJ TENNIS & JOSEPH ASHWORTH,4,ARIANA GRANDE - WE CAN'T BE FRIENDS (WAIT FOR YOUR LOVE),5
CHRIS LAKE FEAT. ALEXIS ROBERTS,4,DADDY YANKEE - GASOLINA,5
ALLE FARBEN,4,DAVID GUETTA FEAT. KID CUDI - MEMORIES,5
TOPIC X MOUGLETA X VEGEDREAM,4,JUNIOR JACK - STUPIDISCO,5
ELY OAKS X LAVINIA,4,NALIN & KANE - BEACHBALL,5
OMAH LAY,4,USHER - MORE,5
ALEX CLARE,4,TOM ODELL - ANOTHER LOVE (ZWETTE REMIX),5
J BALVIN,4,JAIN - MAKEBA,5
CHARLI XCX,4,GOOD NEIGHBOURS - HOME,5
ZOE WEES & DEAN LEWIS,4,HARRY STYLES - AS IT WAS,5
LUNE,4,HARRY STYLES - ADORE YOU,5
CYRIL X MOONLGHT X THE LA'S,4,SERANI - NO GAMES,5
"STEVE AOKI, LAWRENT ROBIN SCHULZ",4,ANNENMAYKANTEREIT - 3 TAGE AM MEER,5
TOM GRENNAN,4,DJ JAZZY JEFF & THE FRESH PRIN - SUMMERTIME,5
BADCHIEFF,4,SHAKIRA FEAT. WYCLEF JEAN - HIPS DON'T LIE,5
RENEÉ RAPP,4,DJ HELL - COPA,5
SEAN PAUL FEAT. DUA LIPA,4,LOI - GOLD,5
PAWSA & THE ADVENTURES OF STEVIE V,4,LOI - NEWS,5
MAC MILLER,4,ONEREPUBLIC - COUNTING STARS,5
FELIX JAEHN & RAY DALTON,4,PASHANIM - AIRWAVES,5
ALEX GAUDINO FEAT. CHRYSTAL WATERS,4,DJ SNAKE & J. BALVIN FEAT. TYGA - LOCO CONTIGO,5
GENTLEMAN,4,SIGMA - NOBODY TO LOVE,5
FAST BOY,4,RÜFÜS DU SOL - YOU WERE RIGHT,5
MAJAN X ANAÏS X ENDZONE,4,RÜFÜS DU SOL - SUNDREAM,5
KONTRA K X THE-DREAM,4,COLDPLAY - VIVA LA VIDA,5
JACK HARLOW,4,COLDPLAY - A SKY FULL OF STARS,5
NICKY JAM & J BALVIN,4,DAVID GUETTA FEAT. KELLY ROWLAND - WHEN LOVE TAKES OVER,5
CHRIS LAKE X ABEL BALDER,4,SAM SMITH - MONEY ON MY MIND,5
DARIO G,4,ROMY - ALWAYS FOREVER,5
NELLY FURTADO,4,MAC MILLER FEAT. ANDERSON .PAAK - DANG!,5
LILLY WOOD & THE PRICK AND ROBIN SCHULZ,4,01099 X SKI AGGU - ANDERS,5
IYAZ,3,PEGGY GOU - STARRY NIGHT,5
JONAS BLUE X FELIX JAEHN,3,BABY BASH - SUGA SUGA,5
TOMAN,3,SWEDISH HOUSE MAFIA - WAIT SO LONG,5
"AUDIO BULLYS, DJS FROM MARS DAVID GUETTA",3,GLASS ANIMALS - VAMPIRE BAT,5
MILLENIUMKID & JBS,3,MALUMA - HAWÁI,5
50 CENT,3,ROBIN SCHULZ FEAT. FRANCESCO YATES - SUGAR,5
PURPLE DISCO MACHINE FEAT. MOSS KENA & THE KNOCKS,3,AITCH FEAT. ASHANTI - BABY,5
EIFFEL 65,3,MAROON 5 - MEMORIES,5
DANNY OCEAN,3,MAROON 5 - ANIMALS,5
LEVENT GEIGER,3,LADY GAGA & BRUNO MARS - DIE WITH A SMILE,5
JUBEL FEAT. NEIMY,3,DAFT PUNK - ONE MORE TIME,5
RAUW ALEJANDRO & BAD BUNNY,3,PETIT BISCUIT - SUNSET LOVER,5
"WESTCOL, OVY ON THE DRUMS BEÉLE",3,DJ MUGZEE - 1LIVE GO HIP HOP MIX,5
SOPHIE ELLIS-BEXTOR,3,GYM CLASS HEROES FEAT. ADAM LEVINE - STEREO HEARTS,5
BLU CANTRELL FEAT. SEAN PAUL,3,KYGO FEAT. CONRAD - FIRESTONE,5
ROSALÍA & RAUW ALEJANDRO,3,"G-EAZY FEAT. BEBE REXHA - ME, MYSELF AND I",5
MARTIN GARRIX & DUA LIPA,3,ION MILES X BHZ - POWERADE,5
SALVI SAK NOEL FEAT. SEAN PAUL,3,CRAZY TOWN - BUTTERFLY,5
SOFI TUKKER,3,GALANTIS - RUNAWAY (U & I),5
CONWAY THE MACHINE FEAT. BENNY THE BUTCHER & WESTSIDE GUNN,3,SAMPAGNE X BADCHIEFF X CRO - TEMPO,5
BLACK SABBATH,3,DENNIS LLOYD - NEVERMIND,5
JAMES BLAKE FEAT. ROSALIA,3,PANJABI MC - MUNDIAN TO BACH KE,5
ANOTR & ERIK BANDT FEAT. LEVEN KALI,3,DOJA CAT - SAY SO,5
JAMIE XX FEAT. HONEY DIJON,3,RAYE FEAT. 070 SHAKE - ESCAPISM.,5
NIC FANCIULLI FEAT. ROBERT COURTOIS,3,ALESSIA CARA - SCARS TO YOUR BEAUTIFUL,5
ROBIN SCHULZ FEAT. KIDDO,3,OXLADE FEAT. CAMILLA CABELLO - KU LO SA,5
THE CHAINSMOKERS & COLDPLAY,3,KALI UCHIS - TELEPATÍA,5
ALESSO VS. ONE REPUBLIC,3,EDWARD MAYA FEAT. VIKA JIGULINA - STEREO LOVE,5
NIKLAS DEE & OLD JIM FEAT. ENNY-MAE,3,LIBIANCA - PEOPLE,5
DOM DOLLA & NELLY FURTADO,3,DON TOLIVER FEAT. DOJA CAT - LOSE MY MIND,5
RÜFÜS,3,RHYTHMS DEL MUNDO FT. COLDPLAY - CLOCKS (THE CUBAN-VERSION),5
JAMES MAC & VALL FEAT. ROSALIE,3,KYGO & SELENA GOMEZ - IT AIN'T ME,5
MASTER KG FEAT. NOMCEBO ZIKODE,3,BLACK EYED PEAS FEAT. OZUNA & J.REY SOUL - MAMACITA,5
ARIANA GRANDE FEAT. THE WEEKND,3,DANTE THOMAS - MISS CALIFORNIA,5
VIZE & TOM GREGORY,3,CKAY FEAT. ELGRANDE TOTO - LOVE NWANTITI (NORTH AFRICAN REMIX),5
"LUKE DEAN, LOCKY MAX DEAN",3,KINGS OF LEON - SEX ON FIRE,5
MAESIC & MARSHALL JEFFERSON FEAT. SALOMÉ DAS,3,MARTIN SOLVEIG - INTOXICATED,5
PARAÇEK,3,BOB SINCLAR - LOVE GENERATION,5
JAZZY,3,ENDOR - PUMP IT UP,5
ANOTR FEAT. KURTIS WELLS,3,JAYMES YOUNG - INFINITY,5
ECHOSMITH,3,ZSÁ ZSÁ - BAD BUNNIES,5
UNFAZED,3,BLINK-182 - ALL THE SMALL THINGS,5
AGNES,3,ZAH1DE - MONA LISA MOTION (EINMAL UM DIE WELT),5
ENRIQUE IGLESIAS FEAT. ZION DESCEMER BUENO & LENNOX,3,TAYLOR SWIFT - ANTI-HERO,4
THE CHAINSMOKERS FEAT. DAYA,3,MANU CHAO - ME GUSTAS TU / LA PRIMAVERA,4
OFENBACH & QUARTERHEAD FEAT. NORMA JEAN MARTINE,3,SOMBR - BACK TO FRIENDS,4
DOMINIK HARTZ,3,MYLES SMITH - MYLES SMITH - WHAT ARE YOU PLANS FOR 2025 ? (GENERIC IV),4
ALEX G,3,PETER FOX - HAUS AM SEE,4
VELI,3,MILEY CYRUS - WRECKING BALL,4
VELI (FEAT NIKAN),3,DUA LIPA - PHYSICAL,4
SWEDISH HOUSE MAFIA & THE WEEKND,3,CRO - EASY (GUIDO CRAVEIRO REGGAE REMIX),4
"PURPLE DISCO MACHINE, THE MAGICIAN",3,IMAGINE DRAGONS - RADIOACTIVE,4
APSILON FEAT. PAULA HARTMANN,3,NINA CHUBA - MANGOS MIT CHILI,4
RUDIMENTAL FEAT. JOHN NEWMAN,3,RIHANNA - DISTURBIA,4
BL3SS X GRAVAGERZ,3,LIZZO - ABOUT DAMN TIME,4
BENNY BENASSI,3,ROYEL OTIS - MOODY,4
PAWSA FEAT. NATE DOGG,3,SEAN PAUL - LIKE GLUE,4
DIFFRENT,3,WILL SMITH - GETTIN' JIGGY WIT IT,4
MALUGI & WOLTERS,3,DRAKE - MASSIVE,4
JAMES HYPE FEAT. SAM HARPER & BOBBY HARVEY,3,BUNT. X NATE TRAVELLER - CLOUDS,4
WIZ KHALIFA FEAT. CHARLIE PUTH,3,ALICE DEEJAY - BETTER OFF ALONE,4
JONAS BROTHERS & DEAN LEWIS,3,FRED AGAIN.. - DELILAH (PULL ME OUT OF THIS),4
PROVINZ X MAJAN X JEREMIAS,3,PURPLE DISCO MACHINE - DISHED (MALE STRIPPER),4
BICEP,3,AVA MAX - KINGS & QUEENS,4
BRAATEN & ROBIN TINHOLT,3,CHILDISH GAMBINO - FEELS LIKE SUMMER,4
JOHN SUMMIT,3,KATY PERRY - FIREWORK,4
"JAZZE PHA, LATTO CIARA",3,ARIANA GRANDE - 7 RINGS,4
ELLA BOH,3,"ARIANA GRANDE - THANK U, NEXT",4
SONNY FODERA X JAZZY,3,HUGEL - PATADAS DE AHOGADO / LATIN MAFIA (REWORK),4
MARTIN SOLVEIG & DRAGONETTE,3,YOLANDA BE COOL & DCUP - WE NO SPEAK AMERICANO,4
KYGO FEAT. PARSON JAMES,3,ELY OAKS - RUNNING AROUND,4
ALOK X JESS GLYNNE,3,"KEINEMUSIK (&RAMPA, ADAM PORT) ME FEAT. CHUALA - SAY WHAT",4
JAX JONES FEAT. INA WROLDSEN,3,GOOD NEIGHBOURS - RIPPLE,4
CLEAN BANDIT  FEAT. ZARA LARSSON,3,"BOB SINCLAR FEAT. STEVE EDWARDS - WORLD, HOLD ON (FISHER REWORK)",4
PARCELS,3,LUIS FONSI FEAT. DEMI LOVATO - ÉCHAME LA CULPA,4
DAVID GUETTA FEAT. NE-YO & AKON,3,LIL NAS X - THAT'S WHAT I WANT,4
TWO DOOR CINEMA CLUB,3,CARDI B FEAT. BAD BUNNY & J BALVIN - I LIKE IT,4
ENNIO,3,BOB MARLEY VS. FUNKSTAR DE LUXE - SUN IS SHINING,4
THE KOOKS,3,MARTERIA - OMG!,4
BAD BUNNY FEAT. DRAKE,3,BERQ - ROTE FLAGGEN,4
CLEAN BANDIT & JESS GLYNNE,3,BURNA BOY - LAST LAST,4
THE XX,3,DAVID GUETTA & ONEREPUBLIC - I DON'T WANNA WAIT,4
RITA ORA,3,RÜFÜS DU SOL - MUSIC IS BETTER,4
BAILEY ZIMMERMANN FEAT. THE KID LAROI,3,COLDPLAY - PARADISE,4
PINKPANTHERESS AMAARAE,3,LOST FREQUENCIES - THE FEELING,4
CAT BURNS,3,THE BLACK EYED PEAS X J BALVIN - RITMO (BAD BOYS FOR LIFE),4
TAYNA,3,DIJON - THE DRESS,4
THE BUCKETHEADS,3,PROVINZ - WALZER,4
GURU JOSH PROJECT,3,SURFACES - SUNDAY BEST,4
LOST FREQUENCIES X CALUM SCOTT,3,SAM GELLAITRY - ASSUMPTIONS,4
BECKY G & NATTI NATASHA,3,AVAION X SOFIYA NZAU - WACUKA,4
FELIX JAEHN FEAT. SANDRO CAVAZZA,3,LUIS FONSI & DADDY YANKEE FEAT. JUSTIN BIEBER - DESPACITO,4
FIREBOY DML & ED SHEERAN,3,ALEC BENJAMIN - LET ME DOWN SLOWLY,4
MARIO,3,SIA FEAT. KENDRICK LAMAR - THE GREATEST,4
ARMAND VAN HELDEN,3,DAVID GUETTA & BEBE REXHA - I'M GOOD (BLUE),4
KELIS,3,CLOCKCLOCK - SOMEDAY SOON,4
PURPLE DISCO MACHINE X DUKE DUMONT X NOTHING BUT THIEVES,3,CALVIN HARRIS FEAT. PHARRELL KATY PERRY & BIG SEAN - FEELS,4
LISA FEAT. DOJA CAT & RAYE,3,ROBERT MILES - CHILDREN,4
ROBIN SCHULZ FEAT. JASMINE THOMPSON,3,AVRIL LAVIGNE - COMPLICATED,4
FIREBOY DML & PEACE CONTROL,3,ODEN & FATZO - LAUREN,4
LOS DEL RIO,3,TIËSTO FEAT. TATE MCRAE - 10:35,4
MGK,3,LUMIDEE - NEVER LEAVE YOU (UH-OOOH),4
KAUTA,3,FLUME - NEVER BE LIKE YOU,4
JOJO,2,MALIK HARRIS - LAWIYA,4
TRAVIS SCOTT X SHECK WES X DON TOLIVER,2,JAMIE XX FEAT. ROMY & OLIVER SIM - WAITED ALL NIGHT,4
THE STREETS,2,LUCIANO FEAT. OMAH LAY - ANOTHER VIBE,4
YANNIS CAMELPHAT & FOALS,2,JASON DERULO FEAT. 2 CHAINZ - TALK DIRTY,4
FINCH X TREAM,2,JONAS BROTHERS - NO TIME TO TALK,4
FAT JOE FEAT. ASHANTI,2,JONAS BROTHERS - MIRROR TO THE SKY,4
JESS GLYNNE,2,SOLOMUN FEAT. ÄTNA - TUK TUK,4
FATBOY SLIM,2,LA ROUX - BULLETPROOF,4
"DJ SNAKE FEAT. OZUNA, CARDI B SELENA GOMEZ",2,B.O.B. FEAT. HAYLEY WILLIAMS - AIRPLANES,4
JHAY CORTEZ BAD BUNNY,2,AVENTURA - OBSESION,4
MITSKI,2,NOAH KAHAN - STICK SEASON,4
LONDON GRAMMAR,2,LARI LUKE FEAT. ALIDA - OUT OF THIS TOWN,4
DISCLOSURE FEAT. ELIZA DOOLITTLE,2,LARI LUKE - DOWN WITH IT,4
GUNNA JUSTIN BIEBER,2,MALUGI X PAUL SIRRELL - BE MY LOVER,4
FRED AGAIN.. X SWEDISH HOUSE MAFIA FEAT. FUTURE,2,LP GIOBBI FEAT. DJ TENNIS & JOSEPH ASHWORTH - ALL IN A DREAM,4
BURNA BOY FEAT. MICK JAGGER,2,CHRIS LAKE FEAT. ALEXIS ROBERTS - TURN OFF THE LIGHTS,4
BARRY CAN'T SWIM,2,ALLE FARBEN - LABYRINTH,4
MGMT,2,TOPIC X MOUGLETA X VEGEDREAM - ALBI,4
GIVEON,2,ELY OAKS X LAVINIA - BORDERLINE,4
PANIC SHACK,2,OMAH LAY - SOSO,4
FOLK BITCH TRIO,2,ALEX CLARE - TOO CLOSE,4
T.I.,2,FLO RIDA - MY HOUSE,4
21 SAVAGE FEAT. J. COLE,2,J BALVIN - AZUL,4
LEVI,2,ZOE WEES & DEAN LEWIS - LEARN TO LOVE,4
BURNA BOY FT. MICK JAGGER,2,LUNE - ICH GEHÖR NUR DIR <3,4
BOYGENIUS,2,CYRIL X MOONLGHT X THE LA'S - THERE SHE GOES,4
TRETTMANN FEAT. GZUZ,2,"STEVE AOKI, LAWRENT ROBIN SCHULZ - BLOODTYPE",4
ARLO PARKS,2,TOM GRENNAN - SOMEWHERE ONLY WE GO,4
TCHAMI FEAT. KALEEM TAYLOR,2,BADCHIEFF - KIND,4
AHADADREAM X PRIYA RAGU X SKRILLEX,2,RENEÉ RAPP - SHY,4
GORDO & DRAKE,2,SEAN PAUL FEAT. DUA LIPA - NO LIE,4
INFINITY INK,2,PAWSA & THE ADVENTURES OF STEVIE V - DIRTY CASH (MONEY TALKS),4
DISCLOSURE X ANDERSON .PAAK,2,ZOE WEES - TRAITOR,4
PURPLE DISCO MACHINE X SOPHIE AND THE GIANTS,2,ZOE WEES - DON'T GIVE UP,4
LF SYSTEM,2,MAC MILLER - GOOD NEWS,4
NIMINO,2,FELIX JAEHN & RAY DALTON - CALL IT LOVE,4
ZIMMER90,2,ALEX GAUDINO FEAT. CHRYSTAL WATERS - DESTINATION CALABRIA,4
"WIZTHEMC, BEES & HONEY",2,FAST BOY - NOTHING LASTS FOREVER,4
COI LERAY,2,MAJAN X ANAÏS X ENDZONE - 99 SORGEN,4
FRED AGAIN.. & BABY KEEM,2,KONTRA K X THE-DREAM - BACCARAT,4
ALEX WANN X ROUTE 94 X JESS GLYNNE,2,NICKY JAM & J BALVIN - X,4
BRUTALISMUS 3000,2,CHRIS LAKE X ABEL BALDER - EASE MY MIND,4
KEVIN DE VRIES & MAU P,2,DARIO G - SUNCHYME,4
BUNT. X TOM ODELL,2,NELLY FURTADO - SAY IT RIGHT,4
THE BLESSED MADONNA FEAT. CLEMENTINE DOUGLAS,2,LILLY WOOD & THE PRICK AND ROBIN SCHULZ - PRAYER IN C (ROBIN SCHULZ REMIX),4
FRAGMA,2,IYAZ - REPLAY,3
JOHN SUMMIT & HAYLA,2,TAYLOR SWIFT - BLANK SPACE,3
SKRILLEX & BOYS NOIZE,2,DOECHII - DENIAL IS A RIVER,3
THE BLESSED MADONNA FEAT. JACOB LUSK,2,LEONY - SIMPLE LIFE,3
ARGY X MEDUZA FEAT. POLLYANNA,2,NICO SANTOS - NUMBER 1,3
EVE,2,CHAPPELL ROAN - HOT TO GO!,3
DUKE DUMONT FEAT. JAX JONES,2,SABRINA CARPENTER - PLEASE PLEASE PLEASE,3
LOJAY X SARZ,2,TAIO CRUZ - HANGOVER,3
TIËSTO & DZEKO FEAT. PREME & POST MALONE,2,JONAS BLUE X FELIX JAEHN - WEEKENDS,3
SHAWN MENDES & CAMILA CABELLO,2,BASTILLE - BATHSHEBA & HIM,3
BLACK COFFEE & &ME,2,IMAGINE DRAGONS - DEMONS,3
KILIMANJARO JAZZY,2,IMAGINE DRAGONS - THUNDER,3
THE BLACK KEYS,2,NINA CHUBA - NINA,3
"KITSCHKRIEG FEAT. GRINGO, UFO361 TRETTMANN & GZUZ",2,NINA CHUBA - WILDBERRY LILLET,3
HAYLEY WILLIAMS,2,LEONIDEN - KIDS,3
ELVIS CRESPO,2,DISCLOSURE - YOU & ME (RIVO REMIX),3
THIRTY SECONDS TO MARS,2,ROYEL OTIS - SAY SOMETHING,3
TECH IT DEEP X GORDO,2,SEAN PAUL - TEMPERATURE,3
JUSTIN BIEBER FEAT. DANIEL CAESAR & GIVEON,2,1LIVE DJ SESSION - PURPLE DISCO MACHINE,3
JUNGLE,2,1LIVE DJ SESSION - CHRIS LAKE,3
KAE TEMPEST,2,TOMAN - VERANO EN NY,3
PAULA HARTMANN,2,DRAKE - PASSIONFRUIT,3
AYA NAKAMURA,2,"AUDIO BULLYS, DJS FROM MARS DAVID GUETTA - THINGS I HAVEN' TOLD YOU",3
KRAFTKLUB FEAT. TOKIO HOTEL,2,MILLENIUMKID & JBS - VIELLEICHT VIELLEICHT (HOLY PRIEST & ELMEFTI REMIX),3
JUJU FEAT. HENNING MAY,2,ERIC PRYDZ - CALL ON ME,3
RUDIMENTAL FEAT. MACKLEMORE JESS GLYNNE & DAN CAPLEN,2,PURPLE DISCO MACHINE - 1LIVE DJ-SESSION,3
LOST FREQUENCIES X ELLEY DUHÉ X X AMBASSADORS,2,MAU P - LIKE I LIKE IT,3
PROSPA,2,BLACK EYED PEAS - MEET ME HALFWAY,3
FLO RIDA FEAT. DAVID GUETTA,2,BLACK EYED PEAS - LET'S GET IT STARTED,3
HENRY MOODIE,2,50 CENT - CANDY SHOP,3
ALLE FARBEN & MOSS KENA,2,PURPLE DISCO MACHINE FEAT. MOSS KENA & THE KNOCKS - FIREWORKS,3
SELENA GOMEZ & MARSHMELLO,2,EIFFEL 65 - BLUE (DA BA DEE),3
WHEATUS,2,DANNY OCEAN - ME REHÚSO,3
DIMITRI VEGAS & LIKE MIKE X TIËSTO X DIDO X W&W,2,BRUNO MARS - TREASURE,3
FLO RIDA FEAT. KESHA,2,BRUNO MARS - GRENADE,3
GWEN STEFANI,2,LEVENT GEIGER - 2 DUMB KIDS,3
MURA MASA FEAT. NAO,2,JUBEL FEAT. NEIMY - DANCING IN THE MOONLIGHT,3
APACHE 207 X UDO LINDENBERG,2,TYLA - PUSH 2 START,3
RIHANNA FEAT. MIKKY EKKO,2,RAUW ALEJANDRO & BAD BUNNY - QUÉ PASARÍA...,3
GIGI PEREZ,2,"WESTCOL, OVY ON THE DRUMS BEÉLE - LA PLENA (W SOUND 05)",3
ANDERSON .PAAK FEAT. T. I.,2,SOPHIE ELLIS-BEXTOR - MURDER ON THE DANCEFLOOR,3
BEYONCE FEAT. JAY-Z,2,BLU CANTRELL FEAT. SEAN PAUL - BREATHE,3
AYRA STARR,2, - SNIPPED / PINKPANTHERESS / VIRALER SOUND / TIKTOK,3
FUTURE,2,ROSALÍA & RAUW ALEJANDRO - BESO,3
"DR. DRE FEAT. SIX-TWO, NATE DOGG HITTMAN & KURUPT",2,MARTIN GARRIX & DUA LIPA - SCARED TO BE LONELY,3
AMINÉ,2,MILKY CHANCE - DOWN BY THE RIVER,3
NAS,2,MILKY CHANCE - COLORADO,3
2 CHAINZ FEAT. TRAVIS SCOTT,2,SALVI SAK NOEL FEAT. SEAN PAUL - TRUMPETS,3
KENDRICK LAMAR FEAT. JAY ROCK,2,LOI - GET LUCKY,3
OUTKAST,2,ONEREPUBLIC - IF I LOSE MYSELF,3
MÊN AN TOL,2,LIL NAS X - MONTERO (CALL ME BY YOUR NAME),3
DISCLOSURE FEAT. ALUNAGEORGE,2,JAZEEK - SEXY LADY,3
INFINITY SONG,2,DJ SNAKE FEAT. BIPOLAR SUNSHINE - MIDDLE,3
ROBIN SCHULZ X STEVE AOKI X LAWRENT,2,THE CREATOR TYLER - SUGAR ON MY TONGUE,3
DAVID GUETTA FEAT. AKON,2,THE CREATOR TYLER - BIG POE,3
"ŁASZEWO, A$AP ROCKY ALOK",2,DJO - END OF BEGINNING,3
MARTERIA & CASPER,2,BURNA BOY - HOOKMB / BURNA BOY / TATATA,3
GLASS ANIMALS FEAT. ARLO PARKS,2,BURNA BOY - SITTIN' ON TOP OF THE WORLD,3
CALVIN HARRIS FEAT. HAIM,2,BURNA BOY - UPDATE,3
JOHN SUMMIT FEAT. INÉZ,2,BURNA BOY - 28 GRAMS,3
COLDPLAY FEAT. BEYONCÉ,2,TRAVIS SCOTT - KICK OUT,3
"KYGO, ONEREPUBLIC",2,J. COLE - NEIGHBORS,3
ROBIN SCHULZ FEAT. ALIDA,2,CONWAY THE MACHINE FEAT. BENNY THE BUTCHER & WESTSIDE GUNN - SPURS 3,3
POWFU FEAT. BEABADOOBEE,2,LOST FREQUENCIES - ARE YOU WITH ME,3
IVAN GOUGH,2,POST MALONE - BETTER NOW,3
DAVID GUETTA VS. BENNY BENASSI,2,SAM SMITH - TO BE FREE,3
YUNG SAINT PAUL,2,SAM SMITH - LOVE IS A STILLNESS,3
MONROSE,2,BLACK SABBATH - PARANOID,3
PARRA FOR CUVA FEAT. ANNA NAKLAB,2,JAMES BLAKE FEAT. ROSALIA - BAREFOOT IN THE PARK,3
SOPHIE AND THE GIANTS & PURPLE DISCO MACHINE,2,EIN ROSENKAVALIER - RENNRAD-ROMANTIK,3
TIMBALAND FEAT. KERI HILSON & D.O.E.,2,EIN ROSENKAVALIER - FUNDBÜRO,3
BOB MARLEY & THE WAILERS,2,ANOTR & ERIK BANDT FEAT. LEVEN KALI - HOW YOU FEEL,3
XAVI & MANUEL TURIZO,2,JAMIE XX FEAT. HONEY DIJON - BADDY ON THE FLOOR,3
PAULWETZ,2,NIC FANCIULLI FEAT. ROBERT COURTOIS - SET ME FREE,3
ROOSEVELT,2,MAJOR LAZER - GET FREE,3
DIPLO & MIGUEL,2,SWEDISH HOUSE MAFIA - RAY OF SOLAR,3
EZRA COLLECTIVE FEAT. YAZMIN LACEY,2,ROBIN SCHULZ FEAT. KIDDO - ALL WE GOT,3
ROSALIA,2,THE CHAINSMOKERS & COLDPLAY - SOMETHING JUST LIKE THIS,3
REMI WOLF,2,ALESSO VS. ONE REPUBLIC - IF I LOSE MYSELF,3
CLAIRO,2,NIKLAS DEE & OLD JIM FEAT. ENNY-MAE - NOT FAIR,3
SKI AGGU X SIRA,2,DOM DOLLA & NELLY FURTADO - EAT YOUR MAN,3
TINASHE,2,AVRIL LAVIGNE - SK8TER BOI,3
NICKY JAM & ENRIQUE IGLESIAS,2,JAMES MAC & VALL FEAT. ROSALIE - THE BOY IS MINE,3
DAVID GUETTA FEAT. SAM MARTIN,2,MASTER KG FEAT. NOMCEBO ZIKODE - JERUSALEMA,3
THE KILLERS,2,JENNIFER LOPEZ - JENNY FROM THE BLOCK,3
MARK RONSON FEAT. MILEY CYRUS,1,JENNIFER LOPEZ - WAITING FOR TONIGHT,3
CHRIS LAKE,1,ARIANA GRANDE FEAT. THE WEEKND - LOVE ME HARDER,3
MARTEN LOU,1,VIZE & TOM GREGORY - NEVER LET ME DOWN,3
ROSALIA & J BALVIN FEAT. EL GUINCHO,1,"LUKE DEAN, LOCKY MAX DEAN - CAN'T DECIDE",3
APHEX TWIN,1,MAESIC & MARSHALL JEFFERSON FEAT. SALOMÉ DAS - LIFE IS SIMPLE,3
BILLIE MARTEN,1,PARAÇEK - SOMMERZEIT TRAURIGKEIT,3
RIN,1,JAZZY - GIVING ME,3
KENDRICK LAMAR FEAT. SZA,1,ANOTR FEAT. KURTIS WELLS - 24 (TURN IT UP),3
M83,1,ECHOSMITH - COOL KIDS,3
VICTONY FEAT. TEMPOE,1,UNFAZED - A GIRA,3
ASAKE,1,AGNES - RELEASE ME,3
KAYTRANADA,1,ENRIQUE IGLESIAS FEAT. ZION DESCEMER BUENO & LENNOX - SÚBEME LA RADIO,3
DJ HEARTSTRING,1,SIDO - MEIN BLOCK (REMIX),3
Y 68,1,MALIK HARRIS - ROCKSTARS,3
HANNAH LAING & RORO,1,THE CHAINSMOKERS FEAT. DAYA - DON'T LET ME DOWN,3
ODYMEL,1,OFENBACH & QUARTERHEAD FEAT. NORMA JEAN MARTINE - HEAD SHOULDERS KNEES & TOES,3
FLOYYMENOR & CRIS MJ,1,DOMINIK HARTZ - KLIMPA KLIMPA,3
FLO RIDA FEAT. T-PAIN,1,ALEX G - JUNE GUITAR,3
GALA,1,VELI - ALLES,3
TINLICKER FEAT. HELSLOOT,1,DOJA CAT - PAINT THE TOWN RED,3
JUSTIN BIEBER X BLOODPOP,1,VELI (FEAT NIKAN) - IMMER NOCH,3
PURPLE DISCO MACHINE FEAT. EYELAR,1,SWEDISH HOUSE MAFIA & THE WEEKND - MOTH TO A FLAME,3
CLEAN BANDIT FEAT. DEMI LOVATO,1,"PURPLE DISCO MACHINE, THE MAGICIAN - ALL MY LIFE",3
MAROON 5  FEAT. KENDRICK LAMAR,1,LINUS57 - INTRO (BREITE STRASSE),3
BLACKBEAR,1,LINUS57 - READY PLAYER ONE,3
"DUA LIPA, BAD BUNNY, TAINY J. BALVIN",1,THE STROKES - LAST NITE,3
INDY,1,THE STROKES - REPTILIA,3
JOEL CORRY X JAX JONES FEAT. CHARLI XCX & SAWEETIE,1,CHET FAKER - THE TROUBLE WITH US,3
MAKKO X MIKSU / MACLOUD,1,SZA - BMF,3
LEA X CASPER,1,BIFFY CLYRO - HUNTING SEASON,3
JAMES BLAKE,1,APSILON FEAT. PAULA HARTMANN - GRAU,3
BAKAR FEAT. SUMMER WALKER,1,RUDIMENTAL FEAT. JOHN NEWMAN - FEEL THE LOVE,3
DAVID GUETTA KUNGS & IZZY BIZU,1,BL3SS X GRAVAGERZ - AFTERS,3
NOIZU,1,BENNY BENASSI - SATISFACTION,3
TRAVIS SCOTT FEAT. PLAYBOI CARTI,1,PAWSA FEAT. NATE DOGG - PICK UP THE PHONE,3
DJ TONKA,1,DIFFRENT - A LITTLE CLOSER,3
SWIM DJ HEARTSTRING,1,MALUGI & WOLTERS - WANT MY LOVE,3
PURPLE DISCO MACHINE & SOPHIE AND THE GIANTS,1,JAMES HYPE FEAT. SAM HARPER & BOBBY HARVEY - WATERFALLS,3
"SALIF KEITA, BENJA MOBLACK FEAT. CESÁRIA EVORA & FRANC FALA",1,WIZ KHALIFA FEAT. CHARLIE PUTH - SEE YOU AGAIN,3
"METRO BOOMIN', THE WEEKND & 21 SAVAGE",1,JONAS BROTHERS & DEAN LEWIS - LOVED YOU BETTER,3
BEYONCE,1,PROVINZ X MAJAN X JEREMIAS - LIEBE ZU DRITT,3
DAVID GUETTA FEAT. SIA,1,ARCTIC MONKEYS - WHY'D YOU ONLY CALL ME WHEN YOU'RE HIGH,3
ZERB & THE CHAINSMOKERS FEAT. INK,1,QUEENS OF THE STONE AGE - MAKE IT WIT CHU,3
ANYMA FEAT. ELLIE GOULDING,1,QUEENS OF THE STONE AGE - LITTLE SISTER,3
MOGUAI,1,CHARLI XCX - APPLE,3
DJ KHALED,1,BRAATEN & ROBIN TINHOLT - SAVE THE WORLD,3
SALUTE,1,JOHN SUMMIT - LA DANZA,3
KI/KI X MARLON HOFFSTADT,1,"JAZZE PHA, LATTO CIARA - THIS RIGHT HERE",3
SUPERMODE,1,ELLA BOH - UR GF,3
BECKY G & KAROL G,1,SONNY FODERA X JAZZY - ALL THIS TIME,3
AJR,1,MARTIN SOLVEIG & DRAGONETTE - HELLO,3
BON IVER,1,KYGO FEAT. PARSON JAMES - STOLE THE SHOW,3
FRANK OCEAN FEAT. EARL SWEATSHIRT,1,ALOK X JESS GLYNNE - SUMMER'S BACK,3
WANDA,1,JAX JONES FEAT. INA WROLDSEN - BREATHE,3
CALVIN HARRIS X 6LACK X DONAE'O,1,CLEAN BANDIT  FEAT. ZARA LARSSON - SYMPHONY,3
"ARGY, SON OF SON ANYMA",1,DAVID GUETTA FEAT. NE-YO & AKON - PLAY HARD,3
"SHABOOZEY, MYLES SMITH",1,TWO DOOR CINEMA CLUB - UNDERCOVER MARTYN,3
"ADAM PORT, STRYV FEAT. MALACHIII",1,ENNIO - KIPPE,3
DJ KOZE,1,THE KOOKS - SHE MOVES IN HER OWN WAY,3
ZAHO DE SAGAZAN X TOM ODELL,1,BAD BUNNY FEAT. DRAKE - MIA,3
MODERAT,1,CLEAN BANDIT & JESS GLYNNE - REAL LOVE,3
KÖLSCH,1,GENTLEMAN - SUPERIOR,3
DR.MOTTE & WESTBAM,1,RITA ORA - JOY,3
MATTAFIX,1,BAILEY ZIMMERMANN FEAT. THE KID LAROI - LOST,3
CASPER FEAT. THEES UHLMANN,1,PINKPANTHERESS AMAARAE - KISS ME THRU THE PHONE PT 2,3
SKI AGGU & JEREMIAS,1,CAT BURNS - PEOPLE PLEASER,3
GREEN DAY,1,TAYNA - SI AI (MARSHMELLO & UKAY REMIX),3
IDA CORR & FEDDE LE GRAND,1,THE BUCKETHEADS - THE BOMB,3
"PURPLE DISCO MACHINE, BENJAMIN INGROSSO FEAT. NILE RODGERS & SHENSEEA",1,GURU JOSH PROJECT - INFINITY 2008,3
EMPIRE OF THE SUN,1,JACK HARLOW - LOVIN ON ME,3
ANTDOT MAZ & GINTON FEAT. LAYEFA,1,LOST FREQUENCIES X CALUM SCOTT - WHERE ARE YOU NOW,3
PAULA HARTMANN FEAT. TRETTMANN,1,BECKY G & NATTI NATASHA - SIN PIJAMA,3
THE CHEMICAL BROTHERS,1,FELIX JAEHN FEAT. SANDRO CAVAZZA - ALL FOR LOVE,3
JOSI MILLER,1,FIREBOY DML & ED SHEERAN - PERU,3
TIME SQUARE FEAT. XAVIER RUDD,1,MARIO - LET ME LOVE YOU,3
VAMPIRE WEEKEND,1,ARMAND VAN HELDEN - I WANT YOUR SOUL,3
DISCLOSURE X RAYE,1,KELIS - MILKSHAKE 20 (ALEX WANN REMIX),3
DAVID GUETTA FEAT. NICKI MINAJ & FLO RIDA,1,PURPLE DISCO MACHINE X DUKE DUMONT X NOTHING BUT THIEVES - SOMETHING ON MY MIND,3
DEBBY FRIDAY,1,LISA FEAT. DOJA CAT & RAYE - BORN AGAIN,3
ALT-J,1,ROBIN SCHULZ FEAT. JASMINE THOMPSON - SUN GOES DOWN,3
FLUME FEAT. CHET FAKER,1,FIREBOY DML & PEACE CONTROL - PERU (PEACE CONTROL REMIX),3
SAM FENDER,1,LOS DEL RIO - MACARENA,3
CHANCE THE RAPPER,1,MGK - SWEET CORALINE,3
,,KAUTA - AMBIENT LIGHTS,3
,,LADY GAGA - SHADOW OF A MAN,2
,,CRO - BAD BOI,2
,,CRO - HI KIDS,2
,,CRO - UNENDLICHKEIT,2
,,JOJO - LEAVE (GET OUT),2
,,EMINEM - WITHOUT ME,2
,,LEONIDEN - L.O.V.E.,2
,,TRAVIS SCOTT X SHECK WES X DON TOLIVER - 2000 EXCURSION,2
,,THE STREETS - HAS IT COME TO THIS?,2
,,LIZZO - TRUTH HURTS,2
,,YANNIS CAMELPHAT & FOALS - HYPERCOLOUR,2
,,SEAN PAUL - OTHER SIDE OF LOVE,2
,,KAMRAD - I BELIEVE,2
,,JASON DERULO - IN MY HEAD,2
,,1LIVE DJ SESSION - SG LEWIS,2
,,DRAKE - CHAMPAGNE POETRY,2
,,FINCH X TREAM - LIEBE AUF DER RÜCKBANK,2
,,FAT JOE FEAT. ASHANTI - WHAT'S LUV?,2
,,JESS GLYNNE - HOLD MY HAND,2
,,BLACK EYED PEAS - I GOTTA FEELING,2
,,DERMOT KENNEDY - GIANTS,2
,,DERMOT KENNEDY - KISS ME,2
,,BRUNO MARS - COUNT ON ME,2
,,FATBOY SLIM - PRAISE YOU (PURPLE DISCO MACHINE REMIX),2
,,KATY PERRY - I KISSED A GIRL,2
,,"DJ SNAKE FEAT. OZUNA, CARDI B SELENA GOMEZ - TAKI TAKI",2
,,GIANT ROOKS - HEAT UP,2
,,HOZIER - TAKE ME TO CHURCH,2
,,TWENTY ONE PILOTS - MULBERRY STREET,2
,,JHAY CORTEZ BAD BUNNY - DAKITI,2
,,ONEREPUBLIC - SUNSHINE,2
,,MARTERIA - NIEMAND BRINGT MARTEN UM,2
,,MITSKI - MY LOVE MINE ALL MINE,2
,,THE CREATOR TYLER - DON'T YOU WORRY BABY,2
,,LONDON GRAMMAR - STRONG,2
,,DISCLOSURE FEAT. ELIZA DOOLITTLE - YOU & ME (FLUME REMIX),2
,,GUNNA JUSTIN BIEBER - WAY IT IS,2
,,FRED AGAIN.. X SWEDISH HOUSE MAFIA FEAT. FUTURE - TURN ON THE LIGHTS AGAIN,2
,,BURNA BOY FEAT. MICK JAGGER - EMPTY CHAIRS,2
,,BURNA BOY - HOOKMB / BURNA BOY / SWEET LOVE,2
,,MGMT - KIDS,2
,,GIVEON - TWENTIES,2
,,PANIC SHACK - GOK WAN,2
,,FOLK BITCH TRIO - THE ACTOR,2
,,SOFI TUKKER - BEST FRIEND,2
,,TRAVIS SCOTT - PBT,2
,,LANA DEL REY - HIGH BY THE BEACH,2
,,J. COLE - VILLE MENTALITY,2
,,T.I. - WHAT YOU KNOW,2
,,21 SAVAGE FEAT. J. COLE - A LOT,2
,,COLDPLAY - ADVENTURE OF A LIFETIME,2
,,LEVI - JUMP,2
,,BURNA BOY FT. MICK JAGGER - HOOKMB / BURNA BOY FT. MICK JAGGER / EMPTY CHAIRS,2
,,BOYGENIUS - NOT STRONG ENOUGH,2
,,TRETTMANN FEAT. GZUZ - KNÖCHELTIEF,2
,,ARLO PARKS - BLACK DOG,2
,,TCHAMI FEAT. KALEEM TAYLOR - PROMESSES,2
,,AHADADREAM X PRIYA RAGU X SKRILLEX - TAKA,2
,,GORDO & DRAKE - SIDEWAYS,2
,,INFINITY INK - INFINITY,2
,,DISCLOSURE X ANDERSON .PAAK - NO CAP,2
,,PURPLE DISCO MACHINE X SOPHIE AND THE GIANTS - IN THE DARK,2
,,LF SYSTEM - AFRAID TO FEEL,2
,,NIMINO - I ONLY SMOKE WHEN I DRINK,2
,,CLOCKCLOCK - SOMEONE ELSE,2
,,RÜFÜS - YOU WERE RIGHT,2
,,"WIZTHEMC, BEES & HONEY - TAKE MY MIND",2
,,COI LERAY - PLAYERS,2
,,FRED AGAIN.. & BABY KEEM - LEAVEMEALONE,2
,,ALEX WANN X ROUTE 94 X JESS GLYNNE - MY LOVE (2024),2
,,BRUTALISMUS 3000 - DIE LIEBE KOMMT NICHT AUS BERLIN,2
,,KEVIN DE VRIES & MAU P - METRO,2
,,BUNT. X TOM ODELL - BEST DAY OF MY LIFE (BUNT. VERSION),2
,,THE BLESSED MADONNA FEAT. CLEMENTINE DOUGLAS - HAPPIER,2
,,FRAGMA - TOCA'S MIRACLE,2
,,JOHN SUMMIT & HAYLA - SHIVER,2
,,SKRILLEX & BOYS NOIZE - FINE DAY ANTHEM,2
,,THE BLESSED MADONNA FEAT. JACOB LUSK - MERCY,2
,,ARGY X MEDUZA FEAT. POLLYANNA - MELODIA,2
,,EVE - LET ME BLOW YA MIND,2
,,DUKE DUMONT FEAT. JAX JONES - I GOT U,2
,,LOJAY X SARZ - MONALISA,2
,,01099 - VERSCHWENDETE ZEIT,2
,,TIËSTO & DZEKO FEAT. PREME & POST MALONE - JACKIE CHAN,2
,,SHAWN MENDES & CAMILA CABELLO - SENORITA,2
,,BLACK COFFEE & &ME - THE RAPTURE PT.III,2
,,KILIMANJARO JAZZY - NO BAD VIBES,2
,,THE BLACK KEYS - ALL MY LIFE,2
,,"KITSCHKRIEG FEAT. GRINGO, UFO361 TRETTMANN & GZUZ - STANDARD",2
,,HAYLEY WILLIAMS - GLUM,2
,,ELVIS CRESPO - SUAVEMENTE,2
,,THIRTY SECONDS TO MARS - SEASONS,2
,,TECH IT DEEP X GORDO - MARIA MARIA,2
,,JUSTIN BIEBER FEAT. DANIEL CAESAR & GIVEON - PEACHES,2
,,JUNGLE - KEEP MOVING,2
,,KAE TEMPEST - KNOW YOURSELF,2
,,THE WOMBATS - MOVING TO NEW YORK,2
,,KENDRICK LAMAR - NOT LIKE US,2
,,PAULA HARTMANN - SCHWARZE SUVS,2
,,BIFFY CLYRO - MANY OF HORROR,2
,,BIFFY CLYRO - A LITTLE LOVE,2
,,AYA NAKAMURA - DJADJA,2
,,KRAFTKLUB FEAT. TOKIO HOTEL - FAHR MIT MIR (4X4),2
,,JUJU FEAT. HENNING MAY - VERMISSEN,2
,,RUDIMENTAL FEAT. MACKLEMORE JESS GLYNNE & DAN CAPLEN - THESE DAYS,2
,,LOST FREQUENCIES X ELLEY DUHÉ X X AMBASSADORS - BACK TO YOU,2
,,PROSPA - DON'T STOP,2
,,ARCTIC MONKEYS - FLUORESCENT ADOLESCENT,2
,,FLO RIDA FEAT. DAVID GUETTA - CLUB CAN'T HANDLE ME,2
,,BICEP - APRICOTS,2
,,HENRY MOODIE - SUNDAY MORNING,2
,,ALLE FARBEN & MOSS KENA - FORGOT HOW TO LOVE,2
,,SELENA GOMEZ & MARSHMELLO - WOLVES,2
,,WHEATUS - TEENAGE DIRTBAG,2
,,DIMITRI VEGAS & LIKE MIKE X TIËSTO X DIDO X W&W - THANK YOU (NOT SO BAD),2
,,FLO RIDA FEAT. KESHA - RIGHT ROUND,2
,,GWEN STEFANI - HOLLABACK GIRL,2
,,MURA MASA FEAT. NAO - FIREFLY,2
,,PARCELS - LEAVEYOURLOVE,2
,,APACHE 207 X UDO LINDENBERG - KOMET,2
,,RIHANNA FEAT. MIKKY EKKO - STAY,2
,,GIGI PEREZ - SAILOR SONG,2
,,ANDERSON .PAAK FEAT. T. I. - COME DOWN,2
,,BEYONCE FEAT. JAY-Z - CRAZY IN LOVE,2
,,THE XX - CRYSTALISED,2
,,AYRA STARR - RUSH,2
,,FUTURE - MASK OFF,2
,,"DR. DRE FEAT. SIX-TWO, NATE DOGG HITTMAN & KURUPT - XXPLOSIVE",2
,,AMINÉ - BURDEN,2
,,NAS - ADAM AND EVE,2
,,2 CHAINZ FEAT. TRAVIS SCOTT - 4 AM,2
,,KENDRICK LAMAR FEAT. JAY ROCK - MONEY TREES,2
,,OUTKAST - MS. JACKSON,2
,,MÊN AN TOL - NOT IDEAL,2
,,DISCLOSURE FEAT. ALUNAGEORGE - WHITE NOISE,2
,,INFINITY SONG - HATER'S ANTHEM,2
,,ROBIN SCHULZ X STEVE AOKI X LAWRENT - BLOODTYPE,2
,,DAVID GUETTA FEAT. AKON - SEXY CHICK,2
,,"ŁASZEWO, A$AP ROCKY ALOK - HIGHJACK (RIGHT BACK)",2
,,MARTERIA & CASPER - CHAMPION SOUND,2
,,GLASS ANIMALS FEAT. ARLO PARKS - TANGERINE,2
,,CALVIN HARRIS FEAT. HAIM - PRAY TO GOD,2
,,JOHN SUMMIT FEAT. INÉZ - LIGHT YEARS,2
,,COLDPLAY FEAT. BEYONCÉ - HYMN FOR THE WEEKEND,2
,,"KYGO, ONEREPUBLIC - CHASING PARADISE",2
,,ROBIN SCHULZ FEAT. ALIDA - IN YOUR EYES,2
,,POWFU FEAT. BEABADOOBEE - COFFEE FOR YOUR HEAD,2
,,IVAN GOUGH - IN MY MIND (AXWELL REMIX),2
,,DAVID GUETTA VS. BENNY BENASSI - SATISFACTION,2
,,YUNG SAINT PAUL - CAMILLA,2
,,MONROSE - HOT SUMMER,2
,,PARRA FOR CUVA FEAT. ANNA NAKLAB - WICKED GAMES,2
,,SOPHIE AND THE GIANTS & PURPLE DISCO MACHINE - PARADISE,2
,,TIMBALAND FEAT. KERI HILSON & D.O.E. - THE WAY I ARE,2
,,BOB MARLEY & THE WAILERS - JAMMING (FISHER REWORK),2
,,XAVI & MANUEL TURIZO - EN PRIVADO,2
,,PAULWETZ - ODE AN DEN BASS,2
,,ROOSEVELT - FEVER,2
,,DIPLO & MIGUEL - DON'T FORGET MY LOVE,2
,,EZRA COLLECTIVE FEAT. YAZMIN LACEY - GOD GAVE ME FEET FOR DANCING,2
,,REMI WOLF - CINDERELLA,2
,,CLAIRO - SEXY TO SOMEONE,2
,,SKI AGGU X SIRA - MIETFREI,2
,,TINASHE - NASTY,2
,,NICKY JAM & ENRIQUE IGLESIAS - EL PERDÓN,2
,,DAVID GUETTA FEAT. SAM MARTIN - LOVERS ON THE SUN,2
,,THE KILLERS - MR. BRIGHTSIDE,2
,,APACHE 207 - ROLLER,1
,,PETER FOX - TOSCANA FANBOYS,1
,,AVICII - ADDICTED TO YOU,1
,,ED SHEERAN - LEGO HOUSE,1
,,TEDDY SWIMS - GUILTY,1
,,BILLIE EILISH - LUNCH,1
,,DUA LIPA - HALLUCINATE,1
,,DUA LIPA - HOUDINI (ADAM PORT MIX),1
,,ONE DIRECTION - NIGHT CHANGES,1
,,NINA CHUBA - RAGE GIRL,1
,,LEONIDEN - NEVER NEVER,1
,,MARK RONSON FEAT. MILEY CYRUS - NOTHING BREAKS LIKE A HEART,1
,,ROYEL OTIS - MURDER ON THE DANCE FLOOR,1
,,TOMMY RICHMAN - DEVIL IS A LIE,1
,,1LIVE DJ SESSION - NORA EN PURE,1
,,CHRIS LAKE - 1LIVE DJ-SESSION,1
,,FRED AGAIN.. - JUNGLE,1
,,BLACK EYED PEAS - SHUT UP,1
,,CHILDISH GAMBINO - THIS IS AMERICA,1
,,NELLY - RIDE WIT ME,1
,,LOONA - EL TIBURÓN,1
,,MARTEN LOU - YOUR BODY,1
,," - TITELMUSIK ""SENDUNG MIT DER MAUS""",1
,, - HOOKMB VAITIMBORA (STRUNK CUT),1
,," - ATMO GEWITTER, DONNER, BLITZ, REGEN",1
,,TOM ODELL - ANOTHER LOVE,1
,,SIA - CHANDELIER,1
,,HARRY STYLES - DAYDREAMING,1
,,HARRY STYLES - GOLDEN,1
,,ROSALIA & J BALVIN FEAT. EL GUINCHO - CON ALTURA,1
,,APHEX TWIN - MINIPOPS 67 [120.2][SOURCE FIELD MIX] (INSTR),1
,,BURNA BOY - HOOKMB / BURNA BOY / BUY YOU LIFE,1
,,BURNA BOY - HOOKMB / BURNA BOY / BUNDLE BY BUNDLE,1
,,BURNA BOY - HOOKMB / BURNA BOY / UPDATE,1
,,BURNA BOY - HIGHER,1
,,BILLIE MARTEN - FEELING,1
,,RIN - MONICA BELLUCCI,1
,,KENDRICK LAMAR FEAT. SZA - LUTHER,1
,,BARRY CAN'T SWIM - STILL RIDING,1
,,BARRY CAN'T SWIM - SUNSLEEPER,1
,,SOFI TUKKER - DRINKEE,1
,,CASPER - VERLIEBT IN DER STADT DIE ES NICHT GIBT,1
,,M83 - MIDNIGHT CITY,1
,,RÜFÜS DU SOL - INNERBLOOM,1
,,COLDPLAY - HIGHER POWER,1
,,DIJON - MANY TIMES,1
,,BAD BUNNY - ALAMBRE PÚA,1
,,CLOCKCLOCK - SORRY,1
,,CLOCKCLOCK - OVER,1
,,VICTONY FEAT. TEMPOE - SOWETO,1
,,ZIMMER90 - MAKES ME WANNA DANCE,1
,,ZIMMER90 - WHAT LOVE IS,1
,,ASAKE - ORGANISE,1
,,KAYTRANADA - SPACE INVADER,1
,,RÜFÜS - LIKE AN ANIMAL,1
,,DAFT PUNK - AROUND THE WORLD,1
,,DJ HEARTSTRING - BAE,1
,,Y 68 - ELECTRISIZE 2025,1
,,HANNAH LAING & RORO - GOOD LOVE,1
,,ODYMEL - MY FAVOURITE GAME,1
,,01099 - KÜSSEN,1
,,FLOYYMENOR & CRIS MJ - GATA ONLY,1
,,FLO RIDA FEAT. T-PAIN - LOW,1
,,GALA - FREED FROM DESIRE,1
,,TINLICKER FEAT. HELSLOOT - BECAUSE YOU MOVE ME,1
,,CHET FAKER - GOLD,1
,,THE WOMBATS - GREEK TRAGEDY,1
,,THE WOMBATS - LET'S DANCE TO JOY DIVISION,1
,,SZA - KILL BILL,1
,,KENDRICK LAMAR - ALRIGHT,1
,,KENDRICK LAMAR - SWIMMING POOLS (DRANK),1
,,JUSTIN BIEBER X BLOODPOP - FRIENDS,1
,,PURPLE DISCO MACHINE FEAT. EYELAR - DOPAMINE,1
,,CLEAN BANDIT FEAT. DEMI LOVATO - SOLO,1
,,MAROON 5  FEAT. KENDRICK LAMAR - DON'T WANNA KNOW,1
,,BICEP - GLUE,1
,,CHARLI XCX - 360,1
,,BLACKBEAR - HOT GIRL BUMMER,1
,,"DUA LIPA, BAD BUNNY, TAINY J. BALVIN - UN DIA (ONE DAY)",1
,,PARCELS - YOUGOTMEFEELING,1
,,INDY - IDOL,1
,,JOEL CORRY X JAX JONES FEAT. CHARLI XCX & SAWEETIE - OUT OUT,1
,,GENTLEMAN - INTOXICATION,1
,,MAKKO X MIKSU / MACLOUD - STREIT,1
,,THE XX - DANGEROUS,1
,,LEA X CASPER - SCHWARZ,1
,,JACK HARLOW - FIRST CLASS,1
,,JAMES BLAKE - LIMIT TO YOUR LOVE,1
,,BAKAR FEAT. SUMMER WALKER - HELL N BACK,1
,,DAVID GUETTA KUNGS & IZZY BIZU - ALL NIGHT LONG,1
,,NOIZU - SUMMER 91 (LOOKING BACK),1
,,TRAVIS SCOTT FEAT. PLAYBOI CARTI - FE!N,1
,,DJ TONKA - SHE KNOWS YOU,1
,,SWIM DJ HEARTSTRING - FOREVER (IF U NEED IT),1
,,PURPLE DISCO MACHINE & SOPHIE AND THE GIANTS - HYPNOTIZED,1
,,"SALIF KEITA, BENJA MOBLACK FEAT. CESÁRIA EVORA & FRANC FALA - YAMORE",1
,,"METRO BOOMIN', THE WEEKND & 21 SAVAGE - CREEPIN'",1
,,BEYONCE - SINGLE LADIES (PUT A RING ON IT),1
,,DAVID GUETTA FEAT. SIA - TITANIUM,1
,,ZERB & THE CHAINSMOKERS FEAT. INK - ADDICTED,1
,,ANYMA FEAT. ELLIE GOULDING - HYPNOTIZED,1
,,MOGUAI - 1LIVE DJ-SESSION,1
,,DJ KHALED - ALL I DO IS WIN,1
,,SALUTE - SYSTEM,1
,,KI/KI X MARLON HOFFSTADT - LOSING CONTROL,1
,,SUPERMODE - TELL ME WHY (MEDUZA REMIX),1
,,BECKY G & KAROL G - MAMIII,1
,,AJR - WEAK,1
,,BON IVER - EVERYTHING IS PEACEFUL LOVE,1
,,FRANK OCEAN FEAT. EARL SWEATSHIRT - SUPER RICH KIDS,1
,,WANDA - BOLOGNA,1
,,CALVIN HARRIS X 6LACK X DONAE'O - NOTHING MORE TO SAY,1
,,ZAH1DE - KOTTI D‘AZUR,1
,,"ARGY, SON OF SON ANYMA - VOICES IN MY HEAD (AMELIE LENS REMIX)",1
,,"SHABOOZEY, MYLES SMITH - BLINK TWICE",1
,,"ADAM PORT, STRYV FEAT. MALACHIII - MOVE",1
,,DJ KOZE - PICK UP,1
,,ROSALIA - LLYLM,1
,,ROSALIA - DESPECHA,1
,,ZAHO DE SAGAZAN X TOM ODELL - OLD FRIEND,1
,,MODERAT - BAD KINGDOM,1
,,KÖLSCH - GREY,1
,,DR.MOTTE & WESTBAM - SUNSHINE,1
,,MATTAFIX - BIG CITY LIFE,1
,,CASPER FEAT. THEES UHLMANN - XOXO,1
,,SKI AGGU & JEREMIAS - BYE X3,1
,,GREEN DAY - BOULEVARD OF BROKEN DREAMS,1
,,IDA CORR & FEDDE LE GRAND - LET ME THINK ABOUT IT,1
,,"PURPLE DISCO MACHINE, BENJAMIN INGROSSO FEAT. NILE RODGERS & SHENSEEA - HONEY BOY",1
,,EMPIRE OF THE SUN - WALKING ON A DREAM,1
,,ANTDOT MAZ & GINTON FEAT. LAYEFA - JOLIE FILLE,1
,,PAULA HARTMANN FEAT. TRETTMANN - ATLANTIS,1
,,THE CHEMICAL BROTHERS - GALVANIZE,1
,,JOSI MILLER - THE NIGHT (BAD MOVES),1
,,TIME SQUARE FEAT. XAVIER RUDD - FOLLOW THE SUN,1
,,VAMPIRE WEEKEND - THIS LIFE,1
,,DISCLOSURE X RAYE - WATERFALL,1
,,DAVID GUETTA FEAT. NICKI MINAJ & FLO RIDA - WHERE THEM GIRLS AT,1
,,DEBBY FRIDAY - ALL I WANNA DO IS PARTY,1
,,ALT-J - LEFT HAND FREE,1
,,FLUME FEAT. CHET FAKER - DROP THE GAME,1
,,SAM FENDER - PLAY GOD,1
,,CHANCE THE RAPPER - ALL NIGHT,1
